-- ============================================================
--   TALLER PEJIVALLE 
--   Curso: SC-504 Lenguajes de bases de datos
-- ============================================================



BEGIN EXECUTE IMMEDIATE 'DROP TABLE Devolucion        CASCADE CONSTRAINTS'; EXCEPTION WHEN OTHERS THEN NULL; END;
/
BEGIN EXECUTE IMMEDIATE 'DROP TABLE Productos_Ventas  CASCADE CONSTRAINTS'; EXCEPTION WHEN OTHERS THEN NULL; END;
/
BEGIN EXECUTE IMMEDIATE 'DROP TABLE Ventas            CASCADE CONSTRAINTS'; EXCEPTION WHEN OTHERS THEN NULL; END;
/
BEGIN EXECUTE IMMEDIATE 'DROP TABLE Pago_Trabajadores CASCADE CONSTRAINTS'; EXCEPTION WHEN OTHERS THEN NULL; END;
/
BEGIN EXECUTE IMMEDIATE 'DROP TABLE Telefonos         CASCADE CONSTRAINTS'; EXCEPTION WHEN OTHERS THEN NULL; END;
/
BEGIN EXECUTE IMMEDIATE 'DROP TABLE Trabajadores      CASCADE CONSTRAINTS'; EXCEPTION WHEN OTHERS THEN NULL; END;
/
BEGIN EXECUTE IMMEDIATE 'DROP TABLE Productos_Sucursales  CASCADE CONSTRAINTS'; EXCEPTION WHEN OTHERS THEN NULL; END;
/
BEGIN EXECUTE IMMEDIATE 'DROP TABLE Sucursales_Direcciones CASCADE CONSTRAINTS'; EXCEPTION WHEN OTHERS THEN NULL; END;
/
BEGIN EXECUTE IMMEDIATE 'DROP TABLE Clientes_Direcciones  CASCADE CONSTRAINTS'; EXCEPTION WHEN OTHERS THEN NULL; END;
/
BEGIN EXECUTE IMMEDIATE 'DROP TABLE Proveedores_Direcciones CASCADE CONSTRAINTS'; EXCEPTION WHEN OTHERS THEN NULL; END;
/
BEGIN EXECUTE IMMEDIATE 'DROP TABLE Productos         CASCADE CONSTRAINTS'; EXCEPTION WHEN OTHERS THEN NULL; END;
/
BEGIN EXECUTE IMMEDIATE 'DROP TABLE Clientes          CASCADE CONSTRAINTS'; EXCEPTION WHEN OTHERS THEN NULL; END;
/
BEGIN EXECUTE IMMEDIATE 'DROP TABLE Sucursales        CASCADE CONSTRAINTS'; EXCEPTION WHEN OTHERS THEN NULL; END;
/
BEGIN EXECUTE IMMEDIATE 'DROP TABLE Proveedores       CASCADE CONSTRAINTS'; EXCEPTION WHEN OTHERS THEN NULL; END;
/
BEGIN EXECUTE IMMEDIATE 'DROP TABLE Direcciones       CASCADE CONSTRAINTS'; EXCEPTION WHEN OTHERS THEN NULL; END;
/
BEGIN EXECUTE IMMEDIATE 'DROP TABLE Tipo_Devoluciones CASCADE CONSTRAINTS'; EXCEPTION WHEN OTHERS THEN NULL; END;
/
BEGIN EXECUTE IMMEDIATE 'DROP TABLE Tipo_Pagos        CASCADE CONSTRAINTS'; EXCEPTION WHEN OTHERS THEN NULL; END;
/
BEGIN EXECUTE IMMEDIATE 'DROP TABLE Categoria         CASCADE CONSTRAINTS'; EXCEPTION WHEN OTHERS THEN NULL; END;
/
BEGIN EXECUTE IMMEDIATE 'DROP TABLE Roles             CASCADE CONSTRAINTS'; EXCEPTION WHEN OTHERS THEN NULL; END;
/
BEGIN EXECUTE IMMEDIATE 'DROP TABLE Turnos            CASCADE CONSTRAINTS'; EXCEPTION WHEN OTHERS THEN NULL; END;
/
BEGIN EXECUTE IMMEDIATE 'DROP TABLE Distrito          CASCADE CONSTRAINTS'; EXCEPTION WHEN OTHERS THEN NULL; END;
/
BEGIN EXECUTE IMMEDIATE 'DROP TABLE Canton            CASCADE CONSTRAINTS'; EXCEPTION WHEN OTHERS THEN NULL; END;
/
BEGIN EXECUTE IMMEDIATE 'DROP TABLE Provincia         CASCADE CONSTRAINTS'; EXCEPTION WHEN OTHERS THEN NULL; END;
/
COMMIT;

--Crear tablas

CREATE TABLE Provincia (
  ID_Provincia NUMBER(2) NOT NULL,
  nombre   VARCHAR2(100) NOT NULL,
  CONSTRAINT PK_Provincia PRIMARY KEY (ID_Provincia),
  CONSTRAINT UK_Provincia_Nombre UNIQUE (nombre)
);

CREATE TABLE Canton (
  ID_Canton NUMBER(3) NOT NULL,
  ID_Provincia   NUMBER(2) NOT NULL,
  nombre     VARCHAR2(100) NOT NULL,
  CONSTRAINT PK_Canton PRIMARY KEY (ID_Canton),
  CONSTRAINT FK_Canton_Provincia FOREIGN KEY (ID_Provincia)
    REFERENCES Provincia (ID_Provincia)
);

CREATE TABLE Distrito (
  ID_Distrito NUMBER(5) NOT NULL,
  ID_Canton   NUMBER(3) NOT NULL,
  nombre       VARCHAR2(100) NOT NULL,
  CONSTRAINT PK_Distrito PRIMARY KEY (ID_Distrito),
  CONSTRAINT FK_Distrito_Canton FOREIGN KEY (ID_Canton)
  REFERENCES Canton (ID_Canton)
);

CREATE TABLE Direcciones (
    ID_Direccion  NUMBER GENERATED ALWAYS AS IDENTITY,
    ID_Distrito    NUMBER       NOT NULL,
    Detalle      VARCHAR2(250) NOT NULL,
    CONSTRAINT PK_Direcciones PRIMARY KEY (ID_Direccion),
    CONSTRAINT FK_Dir_Distrito  FOREIGN KEY (ID_Distrito)  REFERENCES Distrito(ID_Distrito)
);


CREATE TABLE Roles (
    ID_Rol  NUMBER        GENERATED ALWAYS AS IDENTITY PRIMARY KEY,
    Rol     VARCHAR2(100) NOT NULL
);


CREATE TABLE Turnos (
    ID_Turno  NUMBER       GENERATED ALWAYS AS IDENTITY PRIMARY KEY,
    Turno     VARCHAR2(50) NOT NULL
);


CREATE TABLE Tipo_Pagos (
    ID_Tipo_Pago  NUMBER        GENERATED ALWAYS AS IDENTITY PRIMARY KEY,
    Metodo_Pago   VARCHAR2(100) NOT NULL
);


CREATE TABLE Tipo_Devoluciones (
    ID_Tipo_Devolucion  NUMBER        GENERATED ALWAYS AS IDENTITY PRIMARY KEY,
    Tipo_Devolucion     VARCHAR2(100) NOT NULL
);


CREATE TABLE Categoria (
    ID_Categoria  NUMBER        GENERATED ALWAYS AS IDENTITY PRIMARY KEY,
    Nombre        VARCHAR2(100) NOT NULL
);


CREATE TABLE Sucursales (
    ID_Sucursal  NUMBER        GENERATED ALWAYS AS IDENTITY PRIMARY KEY,
    Nombre       VARCHAR2(150) NOT NULL,
    Estado       VARCHAR2(20)  DEFAULT 'Activo' NOT NULL
);


CREATE TABLE Sucursales_Direcciones (
    ID_Sucursal_Direccion  NUMBER       GENERATED ALWAYS AS IDENTITY PRIMARY KEY,
    ID_Sucursal            NUMBER       NOT NULL,
    ID_Direccion          NUMBER         NOT NULL,

    CONSTRAINT FK_SucDir_Sucursal  FOREIGN KEY (ID_Sucursal)  REFERENCES Sucursales(ID_Sucursal),
    CONSTRAINT FK_SucDir_Dir       FOREIGN KEY (ID_Direccion) REFERENCES Direcciones(ID_Direccion)
);



CREATE TABLE Proveedores (
    ID_Proveedor      NUMBER        GENERATED ALWAYS AS IDENTITY PRIMARY KEY,
    Nombre_Proveedor  VARCHAR2(200) NOT NULL,
    Nombre_Contacto   VARCHAR2(150),
    Apellido1         VARCHAR2(100),
    Apellido2         VARCHAR2(100),
    Correo_Electr     VARCHAR2(200),
    Telefono          VARCHAR2(20),
    Estado            VARCHAR2(20)  DEFAULT 'Activo' NOT NULL
);

CREATE TABLE Proveedores_Direcciones (
    ID_Proveedores_Direcciones  NUMBER       GENERATED ALWAYS AS IDENTITY PRIMARY KEY,
    ID_Proveedor                NUMBER       NOT NULL,
   ID_Direccion                 NUMBER NOT NULL,

    CONSTRAINT FK_ProvDir_Prov FOREIGN KEY (ID_Proveedor)  REFERENCES Proveedores(ID_Proveedor),
    CONSTRAINT FK_ProvDir_Dir  FOREIGN KEY (ID_Direccion) REFERENCES Direcciones(ID_Direccion)
);


CREATE TABLE Productos (
    ID_Producto          NUMBER        GENERATED ALWAYS AS IDENTITY PRIMARY KEY,
    Nombre               VARCHAR2(200) NOT NULL,
    Descripcion          VARCHAR2(500),
    Precio_Venta         NUMBER(12,2)  NOT NULL,
    Precio_Costo         NUMBER(12,2)  NOT NULL,
    Fecha_Ultima_Entrada DATE,
    ID_Proveedor         NUMBER        NOT NULL,
    ID_Categoria         NUMBER        NOT NULL,

    CONSTRAINT FK_Prod_Proveedor FOREIGN KEY (ID_Proveedor) REFERENCES Proveedores(ID_Proveedor),
    CONSTRAINT FK_Prod_Categoria FOREIGN KEY (ID_Categoria) REFERENCES Categoria(ID_Categoria)
);


CREATE TABLE Productos_Sucursales (
    ID_Productos_Sucursales  NUMBER  GENERATED ALWAYS AS IDENTITY PRIMARY KEY,
    Cantidad                 NUMBER  DEFAULT 0 NOT NULL,
    ID_Sucursal              NUMBER  NOT NULL,
    ID_Producto              NUMBER  NOT NULL,

    CONSTRAINT FK_ProdSuc_Sucursal FOREIGN KEY (ID_Sucursal) REFERENCES Sucursales(ID_Sucursal),
    CONSTRAINT FK_ProdSuc_Producto FOREIGN KEY (ID_Producto) REFERENCES Productos(ID_Producto)
);


CREATE TABLE Clientes (
    Cedula         VARCHAR2(20)  PRIMARY KEY,
    Nombre         VARCHAR2(150) NOT NULL,
    Apellido1      VARCHAR2(100) NOT NULL,
    Apellido2      VARCHAR2(100),
    Correo_Electr  VARCHAR2(200),
    Telefono       VARCHAR2(20)
);


CREATE TABLE Clientes_Direcciones (
    ID_Clientes_Direcciones  NUMBER       GENERATED ALWAYS AS IDENTITY PRIMARY KEY,
    Cedula                   VARCHAR2(20) NOT NULL,
    ID_Direccion            NUMBER NOT NULL,

    CONSTRAINT FK_CliDir_Cliente FOREIGN KEY (Cedula)        REFERENCES Clientes(Cedula),
    CONSTRAINT FK_CliDir_Dir     FOREIGN KEY (ID_Direccion) REFERENCES Direcciones(ID_Direccion)
);


CREATE TABLE Trabajadores (
    ID_Trabajador       NUMBER        GENERATED ALWAYS AS IDENTITY PRIMARY KEY,
    Nombre              VARCHAR2(150) NOT NULL,
    Apellido1           VARCHAR2(100) NOT NULL,
    Apellido2           VARCHAR2(100),
    Identificacion      VARCHAR2(20)  NOT NULL,
    Correo_Electronico  VARCHAR2(200),
    Estado              VARCHAR2(20)  DEFAULT 'Activo' NOT NULL,
    ID_Sucursal         NUMBER        NOT NULL,
    ID_Turno            NUMBER        NOT NULL,
    ID_Rol              NUMBER        NOT NULL,

    CONSTRAINT FK_Trab_Sucursal FOREIGN KEY (ID_Sucursal) REFERENCES Sucursales(ID_Sucursal),
    CONSTRAINT FK_Trab_Turno    FOREIGN KEY (ID_Turno)    REFERENCES Turnos(ID_Turno),
    CONSTRAINT FK_Trab_Rol      FOREIGN KEY (ID_Rol)      REFERENCES Roles(ID_Rol)
);


CREATE TABLE Telefonos (
    ID_Telefono    NUMBER       GENERATED ALWAYS AS IDENTITY PRIMARY KEY,
    Telefono      VARCHAR2(20) NOT NULL,
    ID_Trabajador  NUMBER       NOT NULL,

    CONSTRAINT FK_Tel_Trabajador FOREIGN KEY (ID_Trabajador) REFERENCES Trabajadores(ID_Trabajador)
);

CREATE TABLE Pago_Trabajadores (
    ID_Pago          NUMBER       GENERATED ALWAYS AS IDENTITY PRIMARY KEY,
    Anio             NUMBER(4)    NOT NULL,
    Mes              NUMBER(2)    NOT NULL,
    Quincena         NUMBER(1)    NOT NULL,
    Monto_Hora       NUMBER(10,2) NOT NULL,
    Horas_Laboradas  NUMBER(6,2)  NOT NULL,
    Monto_Total      NUMBER(12,2) NOT NULL,
    ID_Trabajador    NUMBER       NOT NULL,

    CONSTRAINT FK_Pago_Trabajador FOREIGN KEY (ID_Trabajador) REFERENCES Trabajadores(ID_Trabajador)
);

CREATE TABLE Ventas (
    ID_Venta      NUMBER        GENERATED ALWAYS AS IDENTITY PRIMARY KEY,
    Fecha_Hora    TIMESTAMP     DEFAULT SYSTIMESTAMP NOT NULL,
    Total         NUMBER(12,2)  NOT NULL,
    Cedula        VARCHAR2(20)  NOT NULL,
    ID_Trabajador NUMBER        NOT NULL,
    ID_Tipo_Pago  NUMBER        NOT NULL,

    CONSTRAINT FK_Venta_Cliente    FOREIGN KEY (Cedula)        REFERENCES Clientes(Cedula),
    CONSTRAINT FK_Venta_Trabajador FOREIGN KEY (ID_Trabajador) REFERENCES Trabajadores(ID_Trabajador),
    CONSTRAINT FK_Venta_TipoPago   FOREIGN KEY (ID_Tipo_Pago)  REFERENCES Tipo_Pagos(ID_Tipo_Pago)
);


CREATE TABLE Productos_Ventas (
    ID_Productos_Ventas  NUMBER  GENERATED ALWAYS AS IDENTITY PRIMARY KEY,
    Cantidad             NUMBER  NOT NULL,
    ID_Producto          NUMBER  NOT NULL,
    ID_Venta             NUMBER  NOT NULL,

    CONSTRAINT FK_ProdVenta_Producto FOREIGN KEY (ID_Producto) REFERENCES Productos(ID_Producto),
    CONSTRAINT FK_ProdVenta_Venta    FOREIGN KEY (ID_Venta)    REFERENCES Ventas(ID_Venta)
);


CREATE TABLE Devolucion (
    ID_Devolucion       NUMBER        GENERATED ALWAYS AS IDENTITY PRIMARY KEY,
    Motivo              VARCHAR2(500) NOT NULL,
    Cantidad_Devuelta   NUMBER        NOT NULL,
    Fecha_Hora          TIMESTAMP     DEFAULT SYSTIMESTAMP NOT NULL,
    Cedula              VARCHAR2(20)  NOT NULL,
    ID_Producto         NUMBER        NOT NULL,
    ID_Venta            NUMBER        NOT NULL,
    ID_Tipo_Devolucion  NUMBER        NOT NULL,

    CONSTRAINT FK_Dev_Cliente   FOREIGN KEY (Cedula)               REFERENCES Clientes(Cedula),
    CONSTRAINT FK_Dev_Producto  FOREIGN KEY (ID_Producto)          REFERENCES Productos(ID_Producto),
    CONSTRAINT FK_Dev_Venta     FOREIGN KEY (ID_Venta)             REFERENCES Ventas(ID_Venta),
    CONSTRAINT FK_Dev_TipoDevol FOREIGN KEY (ID_Tipo_Devolucion)   REFERENCES Tipo_Devoluciones(ID_Tipo_Devolucion)
);

COMMIT;




-- INSERTS


INSERT ALL
  INTO PROVINCIA (ID_PROVINCIA, NOMBRE) VALUES (1, 'San José')
  INTO PROVINCIA (ID_PROVINCIA, NOMBRE) VALUES (2, 'Alajuela')
  INTO PROVINCIA (ID_PROVINCIA, NOMBRE) VALUES (3, 'Cartago')
  INTO PROVINCIA (ID_PROVINCIA, NOMBRE) VALUES (4, 'Heredia')
  INTO PROVINCIA (ID_PROVINCIA, NOMBRE) VALUES (5, 'Guanacaste')
  INTO PROVINCIA (ID_PROVINCIA, NOMBRE) VALUES (6, 'Puntarenas')
  INTO PROVINCIA (ID_PROVINCIA, NOMBRE) VALUES (7, 'Limón')
SELECT 1 FROM dual;

SELECT * FROM provincia;
COMMIT;

INSERT ALL
  INTO CANTON (ID_CANTON, NOMBRE, ID_PROVINCIA) VALUES (101, 'San José', 1)
  INTO CANTON (ID_CANTON, NOMBRE, ID_PROVINCIA) VALUES (102, 'Escazú', 1)
  INTO CANTON (ID_CANTON, NOMBRE, ID_PROVINCIA) VALUES (103, 'Desamparados', 1)
  INTO CANTON (ID_CANTON, NOMBRE, ID_PROVINCIA) VALUES (104, 'Puriscal', 1)
  INTO CANTON (ID_CANTON, NOMBRE, ID_PROVINCIA) VALUES (105, 'Tarrazú', 1)
  INTO CANTON (ID_CANTON, NOMBRE, ID_PROVINCIA) VALUES (106, 'Aserrí', 1)
  INTO CANTON (ID_CANTON, NOMBRE, ID_PROVINCIA) VALUES (107, 'Mora', 1)
  INTO CANTON (ID_CANTON, NOMBRE, ID_PROVINCIA) VALUES (108, 'Goicoechea', 1)
  INTO CANTON (ID_CANTON, NOMBRE, ID_PROVINCIA) VALUES (109, 'Santa Ana', 1)
  INTO CANTON (ID_CANTON, NOMBRE, ID_PROVINCIA) VALUES (110, 'Alajuelita', 1)
  INTO CANTON (ID_CANTON, NOMBRE, ID_PROVINCIA) VALUES (111, 'Vázquez De Coronado', 1)
  INTO CANTON (ID_CANTON, NOMBRE, ID_PROVINCIA) VALUES (112, 'Acosta', 1)
  INTO CANTON (ID_CANTON, NOMBRE, ID_PROVINCIA) VALUES (113, 'Tibás', 1)
  INTO CANTON (ID_CANTON, NOMBRE, ID_PROVINCIA) VALUES (114, 'Moravia', 1)
  INTO CANTON (ID_CANTON, NOMBRE, ID_PROVINCIA) VALUES (115, 'Montes De Oca', 1)
  INTO CANTON (ID_CANTON, NOMBRE, ID_PROVINCIA) VALUES (116, 'Turrubares', 1)
  INTO CANTON (ID_CANTON, NOMBRE, ID_PROVINCIA) VALUES (117, 'Dota', 1)
  INTO CANTON (ID_CANTON, NOMBRE, ID_PROVINCIA) VALUES (118, 'Curridabat', 1)
  INTO CANTON (ID_CANTON, NOMBRE, ID_PROVINCIA) VALUES (119, 'Pérez Zeledón', 1)
  INTO CANTON (ID_CANTON, NOMBRE, ID_PROVINCIA) VALUES (120, 'León Cortés Castro', 1)
  INTO CANTON (ID_CANTON, NOMBRE, ID_PROVINCIA) VALUES (201, 'Alajuela', 2)
  INTO CANTON (ID_CANTON, NOMBRE, ID_PROVINCIA) VALUES (202, 'San Ramón', 2)
  INTO CANTON (ID_CANTON, NOMBRE, ID_PROVINCIA) VALUES (203, 'Grecia', 2)
  INTO CANTON (ID_CANTON, NOMBRE, ID_PROVINCIA) VALUES (204, 'San Mateo', 2)
  INTO CANTON (ID_CANTON, NOMBRE, ID_PROVINCIA) VALUES (205, 'Atenas', 2)
  INTO CANTON (ID_CANTON, NOMBRE, ID_PROVINCIA) VALUES (206, 'Naranjo', 2)
  INTO CANTON (ID_CANTON, NOMBRE, ID_PROVINCIA) VALUES (207, 'Palmares', 2)
  INTO CANTON (ID_CANTON, NOMBRE, ID_PROVINCIA) VALUES (208, 'Poás', 2)
  INTO CANTON (ID_CANTON, NOMBRE, ID_PROVINCIA) VALUES (209, 'Orotina', 2)
  INTO CANTON (ID_CANTON, NOMBRE, ID_PROVINCIA) VALUES (210, 'San Carlos', 2)
  INTO CANTON (ID_CANTON, NOMBRE, ID_PROVINCIA) VALUES (211, 'Zarcero', 2)
  INTO CANTON (ID_CANTON, NOMBRE, ID_PROVINCIA) VALUES (212, 'Valverde Vega', 2)
  INTO CANTON (ID_CANTON, NOMBRE, ID_PROVINCIA) VALUES (213, 'Upala', 2)
  INTO CANTON (ID_CANTON, NOMBRE, ID_PROVINCIA) VALUES (214, 'Los Chiles', 2)
  INTO CANTON (ID_CANTON, NOMBRE, ID_PROVINCIA) VALUES (215, 'Guatuso', 2)
  INTO CANTON (ID_CANTON, NOMBRE, ID_PROVINCIA) VALUES (301, 'Cartago', 3)
  INTO CANTON (ID_CANTON, NOMBRE, ID_PROVINCIA) VALUES (302, 'Paraíso', 3)
  INTO CANTON (ID_CANTON, NOMBRE, ID_PROVINCIA) VALUES (303, 'La Unión', 3)
  INTO CANTON (ID_CANTON, NOMBRE, ID_PROVINCIA) VALUES (304, 'Jiménez', 3)
  INTO CANTON (ID_CANTON, NOMBRE, ID_PROVINCIA) VALUES (305, 'Turrialba', 3)
  INTO CANTON (ID_CANTON, NOMBRE, ID_PROVINCIA) VALUES (306, 'Alvarado', 3)
  INTO CANTON (ID_CANTON, NOMBRE, ID_PROVINCIA) VALUES (307, 'Oreamuno', 3)
  INTO CANTON (ID_CANTON, NOMBRE, ID_PROVINCIA) VALUES (308, 'El Guarco', 3)
  INTO CANTON (ID_CANTON, NOMBRE, ID_PROVINCIA) VALUES (401, 'Heredia', 4)
  INTO CANTON (ID_CANTON, NOMBRE, ID_PROVINCIA) VALUES (402, 'Barva', 4)
  INTO CANTON (ID_CANTON, NOMBRE, ID_PROVINCIA) VALUES (403, 'Santo Domingo', 4)
  INTO CANTON (ID_CANTON, NOMBRE, ID_PROVINCIA) VALUES (404, 'Santa Bárbara', 4)
  INTO CANTON (ID_CANTON, NOMBRE, ID_PROVINCIA) VALUES (405, 'San Rafael', 4)
  INTO CANTON (ID_CANTON, NOMBRE, ID_PROVINCIA) VALUES (406, 'San Isidro', 4)
  INTO CANTON (ID_CANTON, NOMBRE, ID_PROVINCIA) VALUES (407, 'Belén', 4)
  INTO CANTON (ID_CANTON, NOMBRE, ID_PROVINCIA) VALUES (408, 'Flores', 4)
  INTO CANTON (ID_CANTON, NOMBRE, ID_PROVINCIA) VALUES (409, 'San Pablo', 4)
  INTO CANTON (ID_CANTON, NOMBRE, ID_PROVINCIA) VALUES (410, 'Sarapiquí', 4)
  INTO CANTON (ID_CANTON, NOMBRE, ID_PROVINCIA) VALUES (501, 'Liberia', 5)
  INTO CANTON (ID_CANTON, NOMBRE, ID_PROVINCIA) VALUES (502, 'Nicoya', 5)
  INTO CANTON (ID_CANTON, NOMBRE, ID_PROVINCIA) VALUES (503, 'Santa Cruz', 5)
  INTO CANTON (ID_CANTON, NOMBRE, ID_PROVINCIA) VALUES (504, 'Bagaces', 5)
  INTO CANTON (ID_CANTON, NOMBRE, ID_PROVINCIA) VALUES (505, 'Carrillo', 5)
  INTO CANTON (ID_CANTON, NOMBRE, ID_PROVINCIA) VALUES (506, 'Cañas', 5)
  INTO CANTON (ID_CANTON, NOMBRE, ID_PROVINCIA) VALUES (507, 'Abangares', 5)
  INTO CANTON (ID_CANTON, NOMBRE, ID_PROVINCIA) VALUES (508, 'Tilarán', 5)
  INTO CANTON (ID_CANTON, NOMBRE, ID_PROVINCIA) VALUES (509, 'Nandayure', 5)
  INTO CANTON (ID_CANTON, NOMBRE, ID_PROVINCIA) VALUES (510, 'La Cruz', 5)
  INTO CANTON (ID_CANTON, NOMBRE, ID_PROVINCIA) VALUES (511, 'Hojancha', 5)
  INTO CANTON (ID_CANTON, NOMBRE, ID_PROVINCIA) VALUES (601, 'Puntarenas', 6)
  INTO CANTON (ID_CANTON, NOMBRE, ID_PROVINCIA) VALUES (602, 'Esparza', 6)
  INTO CANTON (ID_CANTON, NOMBRE, ID_PROVINCIA) VALUES (603, 'Buenos Aires', 6)
  INTO CANTON (ID_CANTON, NOMBRE, ID_PROVINCIA) VALUES (604, 'Montes De Oro', 6)
  INTO CANTON (ID_CANTON, NOMBRE, ID_PROVINCIA) VALUES (605, 'Osa', 6)
  INTO CANTON (ID_CANTON, NOMBRE, ID_PROVINCIA) VALUES (606, 'Quepos', 6)
  INTO CANTON (ID_CANTON, NOMBRE, ID_PROVINCIA) VALUES (607, 'Golfito', 6)
  INTO CANTON (ID_CANTON, NOMBRE, ID_PROVINCIA) VALUES (608, 'Coto Brus', 6)
  INTO CANTON (ID_CANTON, NOMBRE, ID_PROVINCIA) VALUES (609, 'Parrita', 6)
  INTO CANTON (ID_CANTON, NOMBRE, ID_PROVINCIA) VALUES (610, 'Corredores', 6)
  INTO CANTON (ID_CANTON, NOMBRE, ID_PROVINCIA) VALUES (611, 'Garabito', 6)
  INTO CANTON (ID_CANTON, NOMBRE, ID_PROVINCIA) VALUES (612, 'Monteverde', 6)
  INTO CANTON (ID_CANTON, NOMBRE, ID_PROVINCIA) VALUES (613, 'Puerto Jiménez', 6)
  INTO CANTON (ID_CANTON, NOMBRE, ID_PROVINCIA) VALUES (701, 'Limón', 7)
  INTO CANTON (ID_CANTON, NOMBRE, ID_PROVINCIA) VALUES (702, 'Pococí', 7)
  INTO CANTON (ID_CANTON, NOMBRE, ID_PROVINCIA) VALUES (703, 'Siquirres', 7)
  INTO CANTON (ID_CANTON, NOMBRE, ID_PROVINCIA) VALUES (704, 'Talamanca', 7)
  INTO CANTON (ID_CANTON, NOMBRE, ID_PROVINCIA) VALUES (705, 'Matina', 7)
  INTO CANTON (ID_CANTON, NOMBRE, ID_PROVINCIA) VALUES (706, 'Guácimo', 7)
SELECT 1 FROM dual;

SELECT * FROM canton;
COMMIT;

INSERT ALL
  INTO DISTRITO (ID_DISTRITO, NOMBRE, ID_CANTON) VALUES (10101, 'Carmen', 101)
  INTO DISTRITO (ID_DISTRITO, NOMBRE, ID_CANTON) VALUES (10102, 'Merced', 101)
  INTO DISTRITO (ID_DISTRITO, NOMBRE, ID_CANTON) VALUES (10103, 'Hospital', 101)
  INTO DISTRITO (ID_DISTRITO, NOMBRE, ID_CANTON) VALUES (10104, 'Catedral', 101)
  INTO DISTRITO (ID_DISTRITO, NOMBRE, ID_CANTON) VALUES (10105, 'Zapote', 101)
  INTO DISTRITO (ID_DISTRITO, NOMBRE, ID_CANTON) VALUES (10106, 'San Francisco de Dos Ríos', 101)
  INTO DISTRITO (ID_DISTRITO, NOMBRE, ID_CANTON) VALUES (10107, 'Uruca', 101)
  INTO DISTRITO (ID_DISTRITO, NOMBRE, ID_CANTON) VALUES (10108, 'Mata Redonda', 101)
  INTO DISTRITO (ID_DISTRITO, NOMBRE, ID_CANTON) VALUES (10109, 'Pavas', 101)
  INTO DISTRITO (ID_DISTRITO, NOMBRE, ID_CANTON) VALUES (10110, 'Hatillo', 101)
  INTO DISTRITO (ID_DISTRITO, NOMBRE, ID_CANTON) VALUES (10111, 'San Sebastián', 101)

  INTO DISTRITO (ID_DISTRITO, NOMBRE, ID_CANTON) VALUES (10201, 'Escazú', 102)
  INTO DISTRITO (ID_DISTRITO, NOMBRE, ID_CANTON) VALUES (10202, 'San Antonio', 102)
  INTO DISTRITO (ID_DISTRITO, NOMBRE, ID_CANTON) VALUES (10203, 'San Rafael', 102)

  INTO DISTRITO (ID_DISTRITO, NOMBRE, ID_CANTON) VALUES (10301, 'Desamparados', 103)
  INTO DISTRITO (ID_DISTRITO, NOMBRE, ID_CANTON) VALUES (10302, 'San Miguel', 103)
  INTO DISTRITO (ID_DISTRITO, NOMBRE, ID_CANTON) VALUES (10303, 'San Juan de Dios', 103)
  INTO DISTRITO (ID_DISTRITO, NOMBRE, ID_CANTON) VALUES (10304, 'San Rafael Arriba', 103)
  INTO DISTRITO (ID_DISTRITO, NOMBRE, ID_CANTON) VALUES (10305, 'San Antonio', 103)
  INTO DISTRITO (ID_DISTRITO, NOMBRE, ID_CANTON) VALUES (10306, 'Frailes', 103)
  INTO DISTRITO (ID_DISTRITO, NOMBRE, ID_CANTON) VALUES (10307, 'Patarrá', 103)
  INTO DISTRITO (ID_DISTRITO, NOMBRE, ID_CANTON) VALUES (10308, 'San Cristóbal', 103)
  INTO DISTRITO (ID_DISTRITO, NOMBRE, ID_CANTON) VALUES (10309, 'Rosario', 103)
  INTO DISTRITO (ID_DISTRITO, NOMBRE, ID_CANTON) VALUES (10310, 'Damas', 103)
  INTO DISTRITO (ID_DISTRITO, NOMBRE, ID_CANTON) VALUES (10311, 'San Rafael Abajo', 103)
  INTO DISTRITO (ID_DISTRITO, NOMBRE, ID_CANTON) VALUES (10312, 'Gravilias', 103)
  INTO DISTRITO (ID_DISTRITO, NOMBRE, ID_CANTON) VALUES (10313, 'Los Guido', 103)

  INTO DISTRITO (ID_DISTRITO, NOMBRE, ID_CANTON) VALUES (10401, 'Santiago', 104)
  INTO DISTRITO (ID_DISTRITO, NOMBRE, ID_CANTON) VALUES (10402, 'Mercedes Sur', 104)
  INTO DISTRITO (ID_DISTRITO, NOMBRE, ID_CANTON) VALUES (10403, 'Barbacoas', 104)
  INTO DISTRITO (ID_DISTRITO, NOMBRE, ID_CANTON) VALUES (10404, 'Grifo Alto', 104)
  INTO DISTRITO (ID_DISTRITO, NOMBRE, ID_CANTON) VALUES (10405, 'San Rafael', 104)
  INTO DISTRITO (ID_DISTRITO, NOMBRE, ID_CANTON) VALUES (10406, 'Candelarita', 104)
  INTO DISTRITO (ID_DISTRITO, NOMBRE, ID_CANTON) VALUES (10407, 'Desamparaditos', 104)
  INTO DISTRITO (ID_DISTRITO, NOMBRE, ID_CANTON) VALUES (10408, 'San Antonio', 104)
  INTO DISTRITO (ID_DISTRITO, NOMBRE, ID_CANTON) VALUES (10409, 'Chires', 104)

  INTO DISTRITO (ID_DISTRITO, NOMBRE, ID_CANTON) VALUES (10501, 'San Marcos', 105)
  INTO DISTRITO (ID_DISTRITO, NOMBRE, ID_CANTON) VALUES (10502, 'San Lorenzo', 105)
  INTO DISTRITO (ID_DISTRITO, NOMBRE, ID_CANTON) VALUES (10503, 'San Carlos', 105)

  INTO DISTRITO (ID_DISTRITO, NOMBRE, ID_CANTON) VALUES (10601, 'Aserrí', 106)
  INTO DISTRITO (ID_DISTRITO, NOMBRE, ID_CANTON) VALUES (10602, 'Tarbaca', 106)
  INTO DISTRITO (ID_DISTRITO, NOMBRE, ID_CANTON) VALUES (10603, 'Vuelta de Jorco', 106)
  INTO DISTRITO (ID_DISTRITO, NOMBRE, ID_CANTON) VALUES (10604, 'San Gabriel', 106)
  INTO DISTRITO (ID_DISTRITO, NOMBRE, ID_CANTON) VALUES (10605, 'Legua', 106)
  INTO DISTRITO (ID_DISTRITO, NOMBRE, ID_CANTON) VALUES (10606, 'Monterrey', 106)
  INTO DISTRITO (ID_DISTRITO, NOMBRE, ID_CANTON) VALUES (10607, 'Salitrillos', 106)

  INTO DISTRITO (ID_DISTRITO, NOMBRE, ID_CANTON) VALUES (10701, 'Colón', 107)
  INTO DISTRITO (ID_DISTRITO, NOMBRE, ID_CANTON) VALUES (10702, 'Guayabo', 107)
  INTO DISTRITO (ID_DISTRITO, NOMBRE, ID_CANTON) VALUES (10703, 'Tabarcia', 107)
  INTO DISTRITO (ID_DISTRITO, NOMBRE, ID_CANTON) VALUES (10704, 'Piedras Negras', 107)
  INTO DISTRITO (ID_DISTRITO, NOMBRE, ID_CANTON) VALUES (10705, 'Picagres', 107)
  INTO DISTRITO (ID_DISTRITO, NOMBRE, ID_CANTON) VALUES (10706, 'Jaris', 107)
  INTO DISTRITO (ID_DISTRITO, NOMBRE, ID_CANTON) VALUES (10707, 'Quitirrisí', 107)

  INTO DISTRITO (ID_DISTRITO, NOMBRE, ID_CANTON) VALUES (10801, 'Guadalupe', 108)
  INTO DISTRITO (ID_DISTRITO, NOMBRE, ID_CANTON) VALUES (10802, 'San Francisco', 108)
  INTO DISTRITO (ID_DISTRITO, NOMBRE, ID_CANTON) VALUES (10803, 'Calle Blancos', 108)
  INTO DISTRITO (ID_DISTRITO, NOMBRE, ID_CANTON) VALUES (10804, 'Mata de Plátano', 108)
  INTO DISTRITO (ID_DISTRITO, NOMBRE, ID_CANTON) VALUES (10805, 'Ipís', 108)
  INTO DISTRITO (ID_DISTRITO, NOMBRE, ID_CANTON) VALUES (10806, 'Rancho Redondo', 108)
  INTO DISTRITO (ID_DISTRITO, NOMBRE, ID_CANTON) VALUES (10807, 'Purral', 108)

  INTO DISTRITO (ID_DISTRITO, NOMBRE, ID_CANTON) VALUES (10901, 'Santa Ana', 109)
  INTO DISTRITO (ID_DISTRITO, NOMBRE, ID_CANTON) VALUES (10902, 'Salitral', 109)
  INTO DISTRITO (ID_DISTRITO, NOMBRE, ID_CANTON) VALUES (10903, 'Pozos', 109)
  INTO DISTRITO (ID_DISTRITO, NOMBRE, ID_CANTON) VALUES (10904, 'Uruca', 109)
  INTO DISTRITO (ID_DISTRITO, NOMBRE, ID_CANTON) VALUES (10905, 'Piedades', 109)
  INTO DISTRITO (ID_DISTRITO, NOMBRE, ID_CANTON) VALUES (10906, 'Brasil', 109)

  INTO DISTRITO (ID_DISTRITO, NOMBRE, ID_CANTON) VALUES (11001, 'Alajuelita', 110)
  INTO DISTRITO (ID_DISTRITO, NOMBRE, ID_CANTON) VALUES (11002, 'San Josecito', 110)
  INTO DISTRITO (ID_DISTRITO, NOMBRE, ID_CANTON) VALUES (11003, 'San Antonio', 110)
  INTO DISTRITO (ID_DISTRITO, NOMBRE, ID_CANTON) VALUES (11004, 'Concepción', 110)
  INTO DISTRITO (ID_DISTRITO, NOMBRE, ID_CANTON) VALUES (11005, 'San Felipe', 110)

  INTO DISTRITO (ID_DISTRITO, NOMBRE, ID_CANTON) VALUES (11101, 'San Isidro', 111)
  INTO DISTRITO (ID_DISTRITO, NOMBRE, ID_CANTON) VALUES (11102, 'San Rafael', 111)
  INTO DISTRITO (ID_DISTRITO, NOMBRE, ID_CANTON) VALUES (11103, 'Dulce Nombre de Jesús', 111)
  INTO DISTRITO (ID_DISTRITO, NOMBRE, ID_CANTON) VALUES (11104, 'Patalillo', 111)
  INTO DISTRITO (ID_DISTRITO, NOMBRE, ID_CANTON) VALUES (11105, 'Cascajal', 111)

  INTO DISTRITO (ID_DISTRITO, NOMBRE, ID_CANTON) VALUES (11201, 'San Ignacio', 112)
  INTO DISTRITO (ID_DISTRITO, NOMBRE, ID_CANTON) VALUES (11202, 'Guaitil', 112)
  INTO DISTRITO (ID_DISTRITO, NOMBRE, ID_CANTON) VALUES (11203, 'Palmichal', 112)
  INTO DISTRITO (ID_DISTRITO, NOMBRE, ID_CANTON) VALUES (11204, 'Cangrejal', 112)
  INTO DISTRITO (ID_DISTRITO, NOMBRE, ID_CANTON) VALUES (11205, 'Sabanillas', 112)

  INTO DISTRITO (ID_DISTRITO, NOMBRE, ID_CANTON) VALUES (11301, 'San Juan', 113)
  INTO DISTRITO (ID_DISTRITO, NOMBRE, ID_CANTON) VALUES (11302, 'Cinco Esquinas', 113)
  INTO DISTRITO (ID_DISTRITO, NOMBRE, ID_CANTON) VALUES (11303, 'Anselmo Llorente', 113)
  INTO DISTRITO (ID_DISTRITO, NOMBRE, ID_CANTON) VALUES (11304, 'León XIII', 113)
  INTO DISTRITO (ID_DISTRITO, NOMBRE, ID_CANTON) VALUES (11305, 'Colima', 113)

  INTO DISTRITO (ID_DISTRITO, NOMBRE, ID_CANTON) VALUES (11401, 'San Vicente', 114)
  INTO DISTRITO (ID_DISTRITO, NOMBRE, ID_CANTON) VALUES (11402, 'San Jerónimo', 114)
  INTO DISTRITO (ID_DISTRITO, NOMBRE, ID_CANTON) VALUES (11403, 'La Trinidad', 114)

  INTO DISTRITO (ID_DISTRITO, NOMBRE, ID_CANTON) VALUES (11501, 'San Pedro', 115)
  INTO DISTRITO (ID_DISTRITO, NOMBRE, ID_CANTON) VALUES (11502, 'Sabanilla', 115)
  INTO DISTRITO (ID_DISTRITO, NOMBRE, ID_CANTON) VALUES (11503, 'Mercedes', 115)
  INTO DISTRITO (ID_DISTRITO, NOMBRE, ID_CANTON) VALUES (11504, 'San Rafael', 115)

  INTO DISTRITO (ID_DISTRITO, NOMBRE, ID_CANTON) VALUES (11601, 'San Pablo', 116)
  INTO DISTRITO (ID_DISTRITO, NOMBRE, ID_CANTON) VALUES (11602, 'San Pedro', 116)
  INTO DISTRITO (ID_DISTRITO, NOMBRE, ID_CANTON) VALUES (11603, 'San Juan de Mata', 116)
  INTO DISTRITO (ID_DISTRITO, NOMBRE, ID_CANTON) VALUES (11604, 'San Luis', 116)
  INTO DISTRITO (ID_DISTRITO, NOMBRE, ID_CANTON) VALUES (11605, 'Carara', 116)

  INTO DISTRITO (ID_DISTRITO, NOMBRE, ID_CANTON) VALUES (11701, 'Santa María', 117)
  INTO DISTRITO (ID_DISTRITO, NOMBRE, ID_CANTON) VALUES (11702, 'Jardín', 117)
  INTO DISTRITO (ID_DISTRITO, NOMBRE, ID_CANTON) VALUES (11703, 'Copey', 117)

  INTO DISTRITO (ID_DISTRITO, NOMBRE, ID_CANTON) VALUES (11801, 'Curridabat', 118)
  INTO DISTRITO (ID_DISTRITO, NOMBRE, ID_CANTON) VALUES (11802, 'Granadilla', 118)
  INTO DISTRITO (ID_DISTRITO, NOMBRE, ID_CANTON) VALUES (11803, 'Sánchez', 118)
  INTO DISTRITO (ID_DISTRITO, NOMBRE, ID_CANTON) VALUES (11804, 'Tirrases', 118)

  INTO DISTRITO (ID_DISTRITO, NOMBRE, ID_CANTON) VALUES (11901, 'San Isidro de El General', 119)
  INTO DISTRITO (ID_DISTRITO, NOMBRE, ID_CANTON) VALUES (11902, 'El General', 119)
  INTO DISTRITO (ID_DISTRITO, NOMBRE, ID_CANTON) VALUES (11903, 'Daniel Flores', 119)
  INTO DISTRITO (ID_DISTRITO, NOMBRE, ID_CANTON) VALUES (11904, 'Rivas', 119)
  INTO DISTRITO (ID_DISTRITO, NOMBRE, ID_CANTON) VALUES (11905, 'San Pedro', 119)
  INTO DISTRITO (ID_DISTRITO, NOMBRE, ID_CANTON) VALUES (11906, 'Platanares', 119)
  INTO DISTRITO (ID_DISTRITO, NOMBRE, ID_CANTON) VALUES (11907, 'Pejibaye', 119)
  INTO DISTRITO (ID_DISTRITO, NOMBRE, ID_CANTON) VALUES (11908, 'Cajón', 119)
  INTO DISTRITO (ID_DISTRITO, NOMBRE, ID_CANTON) VALUES (11909, 'Barú', 119)
  INTO DISTRITO (ID_DISTRITO, NOMBRE, ID_CANTON) VALUES (11910, 'Río Nuevo', 119)
  INTO DISTRITO (ID_DISTRITO, NOMBRE, ID_CANTON) VALUES (11911, 'Páramo', 119)
  INTO DISTRITO (ID_DISTRITO, NOMBRE, ID_CANTON) VALUES (11912, 'La Amistad', 119)

  INTO DISTRITO (ID_DISTRITO, NOMBRE, ID_CANTON) VALUES (12001, 'San Pablo', 120)
  INTO DISTRITO (ID_DISTRITO, NOMBRE, ID_CANTON) VALUES (12002, 'San Andrés', 120)
  INTO DISTRITO (ID_DISTRITO, NOMBRE, ID_CANTON) VALUES (12003, 'Llano Bonito', 120)
  INTO DISTRITO (ID_DISTRITO, NOMBRE, ID_CANTON) VALUES (12004, 'San Isidro', 120)
  INTO DISTRITO (ID_DISTRITO, NOMBRE, ID_CANTON) VALUES (12005, 'Santa Cruz', 120)
  INTO DISTRITO (ID_DISTRITO, NOMBRE, ID_CANTON) VALUES (12006, 'San Antonio', 120)

  INTO DISTRITO (ID_DISTRITO, NOMBRE, ID_CANTON) VALUES (20101, 'Alajuela', 201)
  INTO DISTRITO (ID_DISTRITO, NOMBRE, ID_CANTON) VALUES (20102, 'San José', 201)
  INTO DISTRITO (ID_DISTRITO, NOMBRE, ID_CANTON) VALUES (20103, 'Carrizal', 201)
  INTO DISTRITO (ID_DISTRITO, NOMBRE, ID_CANTON) VALUES (20104, 'San Antonio', 201)
  INTO DISTRITO (ID_DISTRITO, NOMBRE, ID_CANTON) VALUES (20105, 'Guácima', 201)
  INTO DISTRITO (ID_DISTRITO, NOMBRE, ID_CANTON) VALUES (20106, 'San Isidro', 201)
  INTO DISTRITO (ID_DISTRITO, NOMBRE, ID_CANTON) VALUES (20107, 'Sabanilla', 201)
  INTO DISTRITO (ID_DISTRITO, NOMBRE, ID_CANTON) VALUES (20108, 'San Rafael', 201)
  INTO DISTRITO (ID_DISTRITO, NOMBRE, ID_CANTON) VALUES (20109, 'Río Segundo', 201)
  INTO DISTRITO (ID_DISTRITO, NOMBRE, ID_CANTON) VALUES (20110, 'Desamparados', 201)
  INTO DISTRITO (ID_DISTRITO, NOMBRE, ID_CANTON) VALUES (20111, 'Turrúcares', 201)
  INTO DISTRITO (ID_DISTRITO, NOMBRE, ID_CANTON) VALUES (20112, 'Tambor', 201)
  INTO DISTRITO (ID_DISTRITO, NOMBRE, ID_CANTON) VALUES (20113, 'La Garita', 201)
  INTO DISTRITO (ID_DISTRITO, NOMBRE, ID_CANTON) VALUES (20114, 'Sarapiquí', 201)

  INTO DISTRITO (ID_DISTRITO, NOMBRE, ID_CANTON) VALUES (20201, 'San Ramón', 202)
  INTO DISTRITO (ID_DISTRITO, NOMBRE, ID_CANTON) VALUES (20202, 'Santiago', 202)
  INTO DISTRITO (ID_DISTRITO, NOMBRE, ID_CANTON) VALUES (20203, 'San Juan', 202)
  INTO DISTRITO (ID_DISTRITO, NOMBRE, ID_CANTON) VALUES (20204, 'Piedades Norte', 202)
  INTO DISTRITO (ID_DISTRITO, NOMBRE, ID_CANTON) VALUES (20205, 'Piedades Sur', 202)
  INTO DISTRITO (ID_DISTRITO, NOMBRE, ID_CANTON) VALUES (20206, 'San Rafael', 202)
  INTO DISTRITO (ID_DISTRITO, NOMBRE, ID_CANTON) VALUES (20207, 'San Isidro', 202)
  INTO DISTRITO (ID_DISTRITO, NOMBRE, ID_CANTON) VALUES (20208, 'Ángeles', 202)
  INTO DISTRITO (ID_DISTRITO, NOMBRE, ID_CANTON) VALUES (20209, 'Alfaro', 202)
  INTO DISTRITO (ID_DISTRITO, NOMBRE, ID_CANTON) VALUES (20210, 'Volio', 202)
  INTO DISTRITO (ID_DISTRITO, NOMBRE, ID_CANTON) VALUES (20211, 'Concepción', 202)
  INTO DISTRITO (ID_DISTRITO, NOMBRE, ID_CANTON) VALUES (20212, 'Zapotal', 202)
  INTO DISTRITO (ID_DISTRITO, NOMBRE, ID_CANTON) VALUES (20213, 'Peñas Blancas', 202)
  INTO DISTRITO (ID_DISTRITO, NOMBRE, ID_CANTON) VALUES (20214, 'San Lorenzo', 202)

  INTO DISTRITO (ID_DISTRITO, NOMBRE, ID_CANTON) VALUES (20301, 'Grecia', 203)
  INTO DISTRITO (ID_DISTRITO, NOMBRE, ID_CANTON) VALUES (20302, 'San Isidro', 203)
  INTO DISTRITO (ID_DISTRITO, NOMBRE, ID_CANTON) VALUES (20303, 'San José', 203)
  INTO DISTRITO (ID_DISTRITO, NOMBRE, ID_CANTON) VALUES (20304, 'San Roque', 203)
  INTO DISTRITO (ID_DISTRITO, NOMBRE, ID_CANTON) VALUES (20305, 'Tacares', 203)
  INTO DISTRITO (ID_DISTRITO, NOMBRE, ID_CANTON) VALUES (20306, 'Puente de Piedra', 203)
  INTO DISTRITO (ID_DISTRITO, NOMBRE, ID_CANTON) VALUES (20307, 'Bolívar', 203)

  INTO DISTRITO (ID_DISTRITO, NOMBRE, ID_CANTON) VALUES (30101, 'Oriental', 301)
  INTO DISTRITO (ID_DISTRITO, NOMBRE, ID_CANTON) VALUES (30102, 'Occidental', 301)
  INTO DISTRITO (ID_DISTRITO, NOMBRE, ID_CANTON) VALUES (30103, 'Carmen', 301)
  INTO DISTRITO (ID_DISTRITO, NOMBRE, ID_CANTON) VALUES (30104, 'San Nicolás', 301)
  INTO DISTRITO (ID_DISTRITO, NOMBRE, ID_CANTON) VALUES (30105, 'Aguacaliente', 301)
  INTO DISTRITO (ID_DISTRITO, NOMBRE, ID_CANTON) VALUES (30106, 'Guadalupe', 301)
  INTO DISTRITO (ID_DISTRITO, NOMBRE, ID_CANTON) VALUES (30107, 'Corralillo', 301)
  INTO DISTRITO (ID_DISTRITO, NOMBRE, ID_CANTON) VALUES (30108, 'Tierra Blanca', 301)
  INTO DISTRITO (ID_DISTRITO, NOMBRE, ID_CANTON) VALUES (30109, 'Dulce Nombre', 301)
  INTO DISTRITO (ID_DISTRITO, NOMBRE, ID_CANTON) VALUES (30110, 'Llano Grande', 301)
  INTO DISTRITO (ID_DISTRITO, NOMBRE, ID_CANTON) VALUES (30111, 'Quebradilla', 301)

  INTO DISTRITO (ID_DISTRITO, NOMBRE, ID_CANTON) VALUES (30201, 'Paraíso', 302)
  INTO DISTRITO (ID_DISTRITO, NOMBRE, ID_CANTON) VALUES (30202, 'Santiago', 302)
  INTO DISTRITO (ID_DISTRITO, NOMBRE, ID_CANTON) VALUES (30203, 'Orosi', 302)
  INTO DISTRITO (ID_DISTRITO, NOMBRE, ID_CANTON) VALUES (30204, 'Cervantes', 302)
  INTO DISTRITO (ID_DISTRITO, NOMBRE, ID_CANTON) VALUES (30205, 'Llanos de Santa Lucía', 302)
  INTO DISTRITO (ID_DISTRITO, NOMBRE, ID_CANTON) VALUES (30206, 'Río Azul', 302)

  INTO DISTRITO (ID_DISTRITO, NOMBRE, ID_CANTON) VALUES (30301, 'Tres Ríos', 303)
  INTO DISTRITO (ID_DISTRITO, NOMBRE, ID_CANTON) VALUES (30302, 'San Diego', 303)
  INTO DISTRITO (ID_DISTRITO, NOMBRE, ID_CANTON) VALUES (30303, 'San Juan', 303)
  INTO DISTRITO (ID_DISTRITO, NOMBRE, ID_CANTON) VALUES (30304, 'San Rafael', 303)
  INTO DISTRITO (ID_DISTRITO, NOMBRE, ID_CANTON) VALUES (30305, 'Concepción', 303)
  INTO DISTRITO (ID_DISTRITO, NOMBRE, ID_CANTON) VALUES (30306, 'Dulce Nombre', 303)
  INTO DISTRITO (ID_DISTRITO, NOMBRE, ID_CANTON) VALUES (30307, 'San Ramón', 303)
  INTO DISTRITO (ID_DISTRITO, NOMBRE, ID_CANTON) VALUES (30308, 'Santa Rosa', 303)

  INTO DISTRITO (ID_DISTRITO, NOMBRE, ID_CANTON) VALUES (30401, 'Juan Viñas', 304)
  INTO DISTRITO (ID_DISTRITO, NOMBRE, ID_CANTON) VALUES (30402, 'Tucurrique', 304)
  INTO DISTRITO (ID_DISTRITO, NOMBRE, ID_CANTON) VALUES (30403, 'Pejivalle', 304)

  INTO DISTRITO (ID_DISTRITO, NOMBRE, ID_CANTON) VALUES (30501, 'Turrialba', 305)
  INTO DISTRITO (ID_DISTRITO, NOMBRE, ID_CANTON) VALUES (30502, 'Peralta', 305)
  INTO DISTRITO (ID_DISTRITO, NOMBRE, ID_CANTON) VALUES (30503, 'Santa Cruz', 305)
  INTO DISTRITO (ID_DISTRITO, NOMBRE, ID_CANTON) VALUES (30504, 'Santa Teresita', 305)
  INTO DISTRITO (ID_DISTRITO, NOMBRE, ID_CANTON) VALUES (30505, 'Pavones', 305)
  INTO DISTRITO (ID_DISTRITO, NOMBRE, ID_CANTON) VALUES (30506, 'Tuis', 305)
  INTO DISTRITO (ID_DISTRITO, NOMBRE, ID_CANTON) VALUES (30507, 'Tayutic', 305)
  INTO DISTRITO (ID_DISTRITO, NOMBRE, ID_CANTON) VALUES (30508, 'Santa Rosa', 305)
  INTO DISTRITO (ID_DISTRITO, NOMBRE, ID_CANTON) VALUES (30509, 'Tres Equis', 305)
  INTO DISTRITO (ID_DISTRITO, NOMBRE, ID_CANTON) VALUES (30510, 'La Isabel', 305)
  INTO DISTRITO (ID_DISTRITO, NOMBRE, ID_CANTON) VALUES (30511, 'Chirripó', 305)
  INTO DISTRITO (ID_DISTRITO, NOMBRE, ID_CANTON) VALUES (30512, 'La Central', 305)

  INTO DISTRITO (ID_DISTRITO, NOMBRE, ID_CANTON) VALUES (30601, 'Pacayas', 306)
  INTO DISTRITO (ID_DISTRITO, NOMBRE, ID_CANTON) VALUES (30602, 'Cervantes', 306)
  INTO DISTRITO (ID_DISTRITO, NOMBRE, ID_CANTON) VALUES (30603, 'Capellades', 306)

  INTO DISTRITO (ID_DISTRITO, NOMBRE, ID_CANTON) VALUES (30701, 'San Rafael', 307)
  INTO DISTRITO (ID_DISTRITO, NOMBRE, ID_CANTON) VALUES (30702, 'Cot', 307)
  INTO DISTRITO (ID_DISTRITO, NOMBRE, ID_CANTON) VALUES (30703, 'Potrero Cerrado', 307)
  INTO DISTRITO (ID_DISTRITO, NOMBRE, ID_CANTON) VALUES (30704, 'Cipreses', 307)
  INTO DISTRITO (ID_DISTRITO, NOMBRE, ID_CANTON) VALUES (30705, 'Santa Rosa', 307)

  INTO DISTRITO (ID_DISTRITO, NOMBRE, ID_CANTON) VALUES (30801, 'El Tejar', 308)
  INTO DISTRITO (ID_DISTRITO, NOMBRE, ID_CANTON) VALUES (30802, 'San Isidro', 308)
  INTO DISTRITO (ID_DISTRITO, NOMBRE, ID_CANTON) VALUES (30803, 'Tobosi', 308)
  INTO DISTRITO (ID_DISTRITO, NOMBRE, ID_CANTON) VALUES (30804, 'Patio de Agua', 308)

  INTO DISTRITO (ID_DISTRITO, NOMBRE, ID_CANTON) VALUES (40101, 'Heredia', 401)
  INTO DISTRITO (ID_DISTRITO, NOMBRE, ID_CANTON) VALUES (40102, 'Mercedes', 401)
  INTO DISTRITO (ID_DISTRITO, NOMBRE, ID_CANTON) VALUES (40103, 'San Francisco', 401)
  INTO DISTRITO (ID_DISTRITO, NOMBRE, ID_CANTON) VALUES (40104, 'Ulloa', 401)
  INTO DISTRITO (ID_DISTRITO, NOMBRE, ID_CANTON) VALUES (40105, 'Varablanca', 401)

  INTO DISTRITO (ID_DISTRITO, NOMBRE, ID_CANTON) VALUES (40201, 'Barva', 402)
  INTO DISTRITO (ID_DISTRITO, NOMBRE, ID_CANTON) VALUES (40202, 'San Pedro', 402)
  INTO DISTRITO (ID_DISTRITO, NOMBRE, ID_CANTON) VALUES (40203, 'San Pablo', 402)
  INTO DISTRITO (ID_DISTRITO, NOMBRE, ID_CANTON) VALUES (40204, 'San Roque', 402)
  INTO DISTRITO (ID_DISTRITO, NOMBRE, ID_CANTON) VALUES (40205, 'Santa Lucía', 402)
  INTO DISTRITO (ID_DISTRITO, NOMBRE, ID_CANTON) VALUES (40206, 'San José de la Montaña', 402)

  INTO DISTRITO (ID_DISTRITO, NOMBRE, ID_CANTON) VALUES (40301, 'Santo Domingo', 403)
  INTO DISTRITO (ID_DISTRITO, NOMBRE, ID_CANTON) VALUES (40302, 'San Vicente', 403)
  INTO DISTRITO (ID_DISTRITO, NOMBRE, ID_CANTON) VALUES (40303, 'San Miguel', 403)
  INTO DISTRITO (ID_DISTRITO, NOMBRE, ID_CANTON) VALUES (40304, 'Paracito', 403)
  INTO DISTRITO (ID_DISTRITO, NOMBRE, ID_CANTON) VALUES (40305, 'Santo Tomás', 403)
  INTO DISTRITO (ID_DISTRITO, NOMBRE, ID_CANTON) VALUES (40306, 'Santa Rosa', 403)
  INTO DISTRITO (ID_DISTRITO, NOMBRE, ID_CANTON) VALUES (40307, 'Tures', 403)
  INTO DISTRITO (ID_DISTRITO, NOMBRE, ID_CANTON) VALUES (40308, 'Pará', 403)

  INTO DISTRITO (ID_DISTRITO, NOMBRE, ID_CANTON) VALUES (40401, 'Santa Bárbara', 404)
  INTO DISTRITO (ID_DISTRITO, NOMBRE, ID_CANTON) VALUES (40402, 'San Pedro', 404)
  INTO DISTRITO (ID_DISTRITO, NOMBRE, ID_CANTON) VALUES (40403, 'San Juan', 404)
  INTO DISTRITO (ID_DISTRITO, NOMBRE, ID_CANTON) VALUES (40404, 'Jesús', 404)
  INTO DISTRITO (ID_DISTRITO, NOMBRE, ID_CANTON) VALUES (40405, 'Santo Domingo', 404)
  INTO DISTRITO (ID_DISTRITO, NOMBRE, ID_CANTON) VALUES (40406, 'Purabá', 404)

  INTO DISTRITO (ID_DISTRITO, NOMBRE, ID_CANTON) VALUES (40501, 'San Rafael', 405)
  INTO DISTRITO (ID_DISTRITO, NOMBRE, ID_CANTON) VALUES (40502, 'San Josecito', 405)
  INTO DISTRITO (ID_DISTRITO, NOMBRE, ID_CANTON) VALUES (40503, 'Santiago', 405)
  INTO DISTRITO (ID_DISTRITO, NOMBRE, ID_CANTON) VALUES (40504, 'Ángeles', 405)
  INTO DISTRITO (ID_DISTRITO, NOMBRE, ID_CANTON) VALUES (40505, 'Concepción', 405)

  INTO DISTRITO (ID_DISTRITO, NOMBRE, ID_CANTON) VALUES (40601, 'San Isidro', 406)
  INTO DISTRITO (ID_DISTRITO, NOMBRE, ID_CANTON) VALUES (40602, 'San José', 406)
  INTO DISTRITO (ID_DISTRITO, NOMBRE, ID_CANTON) VALUES (40603, 'Concepción', 406)
  INTO DISTRITO (ID_DISTRITO, NOMBRE, ID_CANTON) VALUES (40604, 'San Francisco', 406)

  INTO DISTRITO (ID_DISTRITO, NOMBRE, ID_CANTON) VALUES (40701, 'San Antonio', 407)
  INTO DISTRITO (ID_DISTRITO, NOMBRE, ID_CANTON) VALUES (40702, 'La Ribera', 407)
  INTO DISTRITO (ID_DISTRITO, NOMBRE, ID_CANTON) VALUES (40703, 'La Asunción', 407)

  INTO DISTRITO (ID_DISTRITO, NOMBRE, ID_CANTON) VALUES (40801, 'San Joaquín', 408)
  INTO DISTRITO (ID_DISTRITO, NOMBRE, ID_CANTON) VALUES (40802, 'Barrantes', 408)
  INTO DISTRITO (ID_DISTRITO, NOMBRE, ID_CANTON) VALUES (40803, 'Llorente', 408)

  INTO DISTRITO (ID_DISTRITO, NOMBRE, ID_CANTON) VALUES (40901, 'San Pablo', 409)
  INTO DISTRITO (ID_DISTRITO, NOMBRE, ID_CANTON) VALUES (40902, 'Rincón de Sabanilla', 409)

  INTO DISTRITO (ID_DISTRITO, NOMBRE, ID_CANTON) VALUES (41001, 'Puerto Viejo', 410)
  INTO DISTRITO (ID_DISTRITO, NOMBRE, ID_CANTON) VALUES (41002, 'La Virgen', 410)
  INTO DISTRITO (ID_DISTRITO, NOMBRE, ID_CANTON) VALUES (41003, 'Las Horquetas', 410)
  INTO DISTRITO (ID_DISTRITO, NOMBRE, ID_CANTON) VALUES (41004, 'Llanuras del Gaspar', 410)
  INTO DISTRITO (ID_DISTRITO, NOMBRE, ID_CANTON) VALUES (41005, 'Cureña', 410)

  INTO DISTRITO (ID_DISTRITO, NOMBRE, ID_CANTON) VALUES (50101, 'Liberia', 501)
  INTO DISTRITO (ID_DISTRITO, NOMBRE, ID_CANTON) VALUES (50102, 'Cañas Dulces', 501)
  INTO DISTRITO (ID_DISTRITO, NOMBRE, ID_CANTON) VALUES (50103, 'Mayorga', 501)
  INTO DISTRITO (ID_DISTRITO, NOMBRE, ID_CANTON) VALUES (50104, 'Nacascolo', 501)
  INTO DISTRITO (ID_DISTRITO, NOMBRE, ID_CANTON) VALUES (50105, 'Curubandé', 501)

  INTO DISTRITO (ID_DISTRITO, NOMBRE, ID_CANTON) VALUES (50201, 'Nicoya', 502)
  INTO DISTRITO (ID_DISTRITO, NOMBRE, ID_CANTON) VALUES (50202, 'Mansión', 502)
  INTO DISTRITO (ID_DISTRITO, NOMBRE, ID_CANTON) VALUES (50203, 'San Antonio', 502)
  INTO DISTRITO (ID_DISTRITO, NOMBRE, ID_CANTON) VALUES (50204, 'Quebrada Honda', 502)
  INTO DISTRITO (ID_DISTRITO, NOMBRE, ID_CANTON) VALUES (50205, 'Sámara', 502)
  INTO DISTRITO (ID_DISTRITO, NOMBRE, ID_CANTON) VALUES (50206, 'Nosara', 502)
  INTO DISTRITO (ID_DISTRITO, NOMBRE, ID_CANTON) VALUES (50207, 'Belén de Nosarita', 502)

  INTO DISTRITO (ID_DISTRITO, NOMBRE, ID_CANTON) VALUES (50301, 'Santa Cruz', 503)
  INTO DISTRITO (ID_DISTRITO, NOMBRE, ID_CANTON) VALUES (50302, 'Bolsón', 503)
  INTO DISTRITO (ID_DISTRITO, NOMBRE, ID_CANTON) VALUES (50303, 'Veintisiete de Abril', 503)
  INTO DISTRITO (ID_DISTRITO, NOMBRE, ID_CANTON) VALUES (50304, 'Tempate', 503)
  INTO DISTRITO (ID_DISTRITO, NOMBRE, ID_CANTON) VALUES (50305, 'Cartagena', 503)
  INTO DISTRITO (ID_DISTRITO, NOMBRE, ID_CANTON) VALUES (50306, 'Cuajiniquil', 503)
  INTO DISTRITO (ID_DISTRITO, NOMBRE, ID_CANTON) VALUES (50307, 'Diriá', 503)
  INTO DISTRITO (ID_DISTRITO, NOMBRE, ID_CANTON) VALUES (50308, 'Cabo Velas', 503)
  INTO DISTRITO (ID_DISTRITO, NOMBRE, ID_CANTON) VALUES (50309, 'Tamarindo', 503)

  INTO DISTRITO (ID_DISTRITO, NOMBRE, ID_CANTON) VALUES (50401, 'Bagaces', 504)
  INTO DISTRITO (ID_DISTRITO, NOMBRE, ID_CANTON) VALUES (50402, 'La Fortuna', 504)
  INTO DISTRITO (ID_DISTRITO, NOMBRE, ID_CANTON) VALUES (50403, 'Mogote', 504)
  INTO DISTRITO (ID_DISTRITO, NOMBRE, ID_CANTON) VALUES (50404, 'Río Naranjo', 504)

  INTO DISTRITO (ID_DISTRITO, NOMBRE, ID_CANTON) VALUES (50501, 'Filadelfia', 505)
  INTO DISTRITO (ID_DISTRITO, NOMBRE, ID_CANTON) VALUES (50502, 'Belén', 505)
  INTO DISTRITO (ID_DISTRITO, NOMBRE, ID_CANTON) VALUES (50503, 'Palmira', 505)
  INTO DISTRITO (ID_DISTRITO, NOMBRE, ID_CANTON) VALUES (50504, 'Sardinal', 505)

  INTO DISTRITO (ID_DISTRITO, NOMBRE, ID_CANTON) VALUES (50601, 'Cañas', 506)
  INTO DISTRITO (ID_DISTRITO, NOMBRE, ID_CANTON) VALUES (50602, 'Palmira', 506)
  INTO DISTRITO (ID_DISTRITO, NOMBRE, ID_CANTON) VALUES (50603, 'San Miguel', 506)
  INTO DISTRITO (ID_DISTRITO, NOMBRE, ID_CANTON) VALUES (50604, 'Bebedero', 506)
  INTO DISTRITO (ID_DISTRITO, NOMBRE, ID_CANTON) VALUES (50605, 'Porozal', 506)

  INTO DISTRITO (ID_DISTRITO, NOMBRE, ID_CANTON) VALUES (50701, 'Las Juntas', 507)
  INTO DISTRITO (ID_DISTRITO, NOMBRE, ID_CANTON) VALUES (50702, 'Sierra', 507)
  INTO DISTRITO (ID_DISTRITO, NOMBRE, ID_CANTON) VALUES (50703, 'San Juan', 507)
  INTO DISTRITO (ID_DISTRITO, NOMBRE, ID_CANTON) VALUES (50704, 'Colorado', 507)

  INTO DISTRITO (ID_DISTRITO, NOMBRE, ID_CANTON) VALUES (50801, 'Tilarán', 508)
  INTO DISTRITO (ID_DISTRITO, NOMBRE, ID_CANTON) VALUES (50802, 'Quebrada Grande', 508)
  INTO DISTRITO (ID_DISTRITO, NOMBRE, ID_CANTON) VALUES (50803, 'Tronadora', 508)
  INTO DISTRITO (ID_DISTRITO, NOMBRE, ID_CANTON) VALUES (50804, 'Santa Rosa', 508)
  INTO DISTRITO (ID_DISTRITO, NOMBRE, ID_CANTON) VALUES (50805, 'Líbano', 508)
  INTO DISTRITO (ID_DISTRITO, NOMBRE, ID_CANTON) VALUES (50806, 'Tierras Morenas', 508)
  INTO DISTRITO (ID_DISTRITO, NOMBRE, ID_CANTON) VALUES (50807, 'Arenal', 508)
  INTO DISTRITO (ID_DISTRITO, NOMBRE, ID_CANTON) VALUES (50808, 'Cabeceras', 508)

  INTO DISTRITO (ID_DISTRITO, NOMBRE, ID_CANTON) VALUES (50901, 'Carmona', 509)
  INTO DISTRITO (ID_DISTRITO, NOMBRE, ID_CANTON) VALUES (50902, 'Santa Rita', 509)
  INTO DISTRITO (ID_DISTRITO, NOMBRE, ID_CANTON) VALUES (50903, 'Zapotal', 509)
  INTO DISTRITO (ID_DISTRITO, NOMBRE, ID_CANTON) VALUES (50904, 'San Pablo', 509)
  INTO DISTRITO (ID_DISTRITO, NOMBRE, ID_CANTON) VALUES (50905, 'Porvenir', 509)
  INTO DISTRITO (ID_DISTRITO, NOMBRE, ID_CANTON) VALUES (50906, 'Bejuco', 509)

  INTO DISTRITO (ID_DISTRITO, NOMBRE, ID_CANTON) VALUES (51001, 'La Cruz', 510)
  INTO DISTRITO (ID_DISTRITO, NOMBRE, ID_CANTON) VALUES (51002, 'Santa Cecilia', 510)
  INTO DISTRITO (ID_DISTRITO, NOMBRE, ID_CANTON) VALUES (51003, 'La Garita', 510)
  INTO DISTRITO (ID_DISTRITO, NOMBRE, ID_CANTON) VALUES (51004, 'Santa Elena', 510)

  INTO DISTRITO (ID_DISTRITO, NOMBRE, ID_CANTON) VALUES (51101, 'Hojancha', 511)
  INTO DISTRITO (ID_DISTRITO, NOMBRE, ID_CANTON) VALUES (51102, 'Monte Romo', 511)
  INTO DISTRITO (ID_DISTRITO, NOMBRE, ID_CANTON) VALUES (51103, 'Puerto Carrillo', 511)
  INTO DISTRITO (ID_DISTRITO, NOMBRE, ID_CANTON) VALUES (51104, 'Huacas', 511)
  INTO DISTRITO (ID_DISTRITO, NOMBRE, ID_CANTON) VALUES (51105, 'Matambú', 511)

  INTO DISTRITO (ID_DISTRITO, NOMBRE, ID_CANTON) VALUES (60101, 'Puntarenas', 601)
  INTO DISTRITO (ID_DISTRITO, NOMBRE, ID_CANTON) VALUES (60102, 'Pitahaya', 601)
  INTO DISTRITO (ID_DISTRITO, NOMBRE, ID_CANTON) VALUES (60103, 'Chomes', 601)
  INTO DISTRITO (ID_DISTRITO, NOMBRE, ID_CANTON) VALUES (60104, 'Lepanto', 601)
  INTO DISTRITO (ID_DISTRITO, NOMBRE, ID_CANTON) VALUES (60105, 'Paquera', 601)
  INTO DISTRITO (ID_DISTRITO, NOMBRE, ID_CANTON) VALUES (60106, 'Manzanillo', 601)
  INTO DISTRITO (ID_DISTRITO, NOMBRE, ID_CANTON) VALUES (60107, 'Guacimal', 601)
  INTO DISTRITO (ID_DISTRITO, NOMBRE, ID_CANTON) VALUES (60108, 'Barranca', 601)
  INTO DISTRITO (ID_DISTRITO, NOMBRE, ID_CANTON) VALUES (60109, 'Isla del Coco', 601)
  INTO DISTRITO (ID_DISTRITO, NOMBRE, ID_CANTON) VALUES (60110, 'Cóbano', 601)
  INTO DISTRITO (ID_DISTRITO, NOMBRE, ID_CANTON) VALUES (60111, 'Chacarita', 601)
  INTO DISTRITO (ID_DISTRITO, NOMBRE, ID_CANTON) VALUES (60112, 'Chira', 601)
  INTO DISTRITO (ID_DISTRITO, NOMBRE, ID_CANTON) VALUES (60113, 'Acapulco', 601)
  INTO DISTRITO (ID_DISTRITO, NOMBRE, ID_CANTON) VALUES (60114, 'El Roble', 601)
  INTO DISTRITO (ID_DISTRITO, NOMBRE, ID_CANTON) VALUES (60115, 'Arancibia', 601)

  INTO DISTRITO (ID_DISTRITO, NOMBRE, ID_CANTON) VALUES (60201, 'Espíritu Santo', 602)
  INTO DISTRITO (ID_DISTRITO, NOMBRE, ID_CANTON) VALUES (60202, 'San Juan Grande', 602)
  INTO DISTRITO (ID_DISTRITO, NOMBRE, ID_CANTON) VALUES (60203, 'Macacona', 602)
  INTO DISTRITO (ID_DISTRITO, NOMBRE, ID_CANTON) VALUES (60204, 'San Rafael', 602)
  INTO DISTRITO (ID_DISTRITO, NOMBRE, ID_CANTON) VALUES (60205, 'San Jerónimo', 602)
  INTO DISTRITO (ID_DISTRITO, NOMBRE, ID_CANTON) VALUES (60206, 'Caldera', 602)

  INTO DISTRITO (ID_DISTRITO, NOMBRE, ID_CANTON) VALUES (60301, 'Buenos Aires', 603)
  INTO DISTRITO (ID_DISTRITO, NOMBRE, ID_CANTON) VALUES (60302, 'Volcán', 603)
  INTO DISTRITO (ID_DISTRITO, NOMBRE, ID_CANTON) VALUES (60303, 'Potrero Grande', 603)
  INTO DISTRITO (ID_DISTRITO, NOMBRE, ID_CANTON) VALUES (60304, 'Boruca', 603)
  INTO DISTRITO (ID_DISTRITO, NOMBRE, ID_CANTON) VALUES (60305, 'Pilas', 603)
  INTO DISTRITO (ID_DISTRITO, NOMBRE, ID_CANTON) VALUES (60306, 'Colinas', 603)
  INTO DISTRITO (ID_DISTRITO, NOMBRE, ID_CANTON) VALUES (60307, 'Chánguena', 603)
  INTO DISTRITO (ID_DISTRITO, NOMBRE, ID_CANTON) VALUES (60308, 'Biolley', 603)
  INTO DISTRITO (ID_DISTRITO, NOMBRE, ID_CANTON) VALUES (60309, 'Brunka', 603)

  INTO DISTRITO (ID_DISTRITO, NOMBRE, ID_CANTON) VALUES (60401, 'Miramar', 604)
  INTO DISTRITO (ID_DISTRITO, NOMBRE, ID_CANTON) VALUES (60402, 'La Unión', 604)
  INTO DISTRITO (ID_DISTRITO, NOMBRE, ID_CANTON) VALUES (60403, 'San Isidro', 604)

  INTO DISTRITO (ID_DISTRITO, NOMBRE, ID_CANTON) VALUES (60501, 'Puerto Cortés', 605)
  INTO DISTRITO (ID_DISTRITO, NOMBRE, ID_CANTON) VALUES (60502, 'Palmar', 605)
  INTO DISTRITO (ID_DISTRITO, NOMBRE, ID_CANTON) VALUES (60503, 'Sierpe', 605)
  INTO DISTRITO (ID_DISTRITO, NOMBRE, ID_CANTON) VALUES (60504, 'Piedras Blancas', 605)
  INTO DISTRITO (ID_DISTRITO, NOMBRE, ID_CANTON) VALUES (60505, 'Bahía Ballena', 605)
  INTO DISTRITO (ID_DISTRITO, NOMBRE, ID_CANTON) VALUES (60506, 'Bahía Drake', 605)

  INTO DISTRITO (ID_DISTRITO, NOMBRE, ID_CANTON) VALUES (60601, 'Quepos', 606)
  INTO DISTRITO (ID_DISTRITO, NOMBRE, ID_CANTON) VALUES (60602, 'Savegre', 606)
  INTO DISTRITO (ID_DISTRITO, NOMBRE, ID_CANTON) VALUES (60603, 'Naranjito', 606)

  INTO DISTRITO (ID_DISTRITO, NOMBRE, ID_CANTON) VALUES (60701, 'Golfito', 607)
  INTO DISTRITO (ID_DISTRITO, NOMBRE, ID_CANTON) VALUES (60702, 'Guaycará', 607)
  INTO DISTRITO (ID_DISTRITO, NOMBRE, ID_CANTON) VALUES (60703, 'Pavón', 607)

  INTO DISTRITO (ID_DISTRITO, NOMBRE, ID_CANTON) VALUES (60801, 'San Vito', 608)
  INTO DISTRITO (ID_DISTRITO, NOMBRE, ID_CANTON) VALUES (60802, 'Sabalito', 608)
  INTO DISTRITO (ID_DISTRITO, NOMBRE, ID_CANTON) VALUES (60803, 'Aguabuena', 608)
  INTO DISTRITO (ID_DISTRITO, NOMBRE, ID_CANTON) VALUES (60804, 'Limoncito', 608)
  INTO DISTRITO (ID_DISTRITO, NOMBRE, ID_CANTON) VALUES (60805, 'Pittier', 608)
  INTO DISTRITO (ID_DISTRITO, NOMBRE, ID_CANTON) VALUES (60806, 'Gutiérrez Braun', 608)

  INTO DISTRITO (ID_DISTRITO, NOMBRE, ID_CANTON) VALUES (60901, 'Parrita', 609)

  INTO DISTRITO (ID_DISTRITO, NOMBRE, ID_CANTON) VALUES (61001, 'Corredor', 610)
  INTO DISTRITO (ID_DISTRITO, NOMBRE, ID_CANTON) VALUES (61002, 'La Cuesta', 610)
  INTO DISTRITO (ID_DISTRITO, NOMBRE, ID_CANTON) VALUES (61003, 'Canoas', 610)
  INTO DISTRITO (ID_DISTRITO, NOMBRE, ID_CANTON) VALUES (61004, 'Laurel', 610)

  INTO DISTRITO (ID_DISTRITO, NOMBRE, ID_CANTON) VALUES (61101, 'Jacó', 611)
  INTO DISTRITO (ID_DISTRITO, NOMBRE, ID_CANTON) VALUES (61102, 'Tárcoles', 611)
  INTO DISTRITO (ID_DISTRITO, NOMBRE, ID_CANTON) VALUES (61103, 'Lagunillas', 611)

  INTO DISTRITO (ID_DISTRITO, NOMBRE, ID_CANTON) VALUES (61201, 'Santa Elena', 612)

  INTO DISTRITO (ID_DISTRITO, NOMBRE, ID_CANTON) VALUES (61301, 'Puerto Jiménez', 613)

  INTO DISTRITO (ID_DISTRITO, NOMBRE, ID_CANTON) VALUES (70101, 'Limón', 701)
  INTO DISTRITO (ID_DISTRITO, NOMBRE, ID_CANTON) VALUES (70102, 'Valle La Estrella', 701)
  INTO DISTRITO (ID_DISTRITO, NOMBRE, ID_CANTON) VALUES (70103, 'Río Blanco', 701)
  INTO DISTRITO (ID_DISTRITO, NOMBRE, ID_CANTON) VALUES (70104, 'Matama', 701)

  INTO DISTRITO (ID_DISTRITO, NOMBRE, ID_CANTON) VALUES (70201, 'Guápiles', 702)
  INTO DISTRITO (ID_DISTRITO, NOMBRE, ID_CANTON) VALUES (70202, 'Jiménez', 702)
  INTO DISTRITO (ID_DISTRITO, NOMBRE, ID_CANTON) VALUES (70203, 'Rita', 702)
  INTO DISTRITO (ID_DISTRITO, NOMBRE, ID_CANTON) VALUES (70204, 'Roxana', 702)
  INTO DISTRITO (ID_DISTRITO, NOMBRE, ID_CANTON) VALUES (70205, 'Cariari', 702)
  INTO DISTRITO (ID_DISTRITO, NOMBRE, ID_CANTON) VALUES (70206, 'Colorado', 702)
  INTO DISTRITO (ID_DISTRITO, NOMBRE, ID_CANTON) VALUES (70207, 'La Colonia', 702)

  INTO DISTRITO (ID_DISTRITO, NOMBRE, ID_CANTON) VALUES (70301, 'Siquirres', 703)
  INTO DISTRITO (ID_DISTRITO, NOMBRE, ID_CANTON) VALUES (70302, 'Pacuarito', 703)
  INTO DISTRITO (ID_DISTRITO, NOMBRE, ID_CANTON) VALUES (70303, 'Florida', 703)
  INTO DISTRITO (ID_DISTRITO, NOMBRE, ID_CANTON) VALUES (70304, 'Germania', 703)
  INTO DISTRITO (ID_DISTRITO, NOMBRE, ID_CANTON) VALUES (70305, 'El Cairo', 703)
  INTO DISTRITO (ID_DISTRITO, NOMBRE, ID_CANTON) VALUES (70306, 'Alegría', 703)
  INTO DISTRITO (ID_DISTRITO, NOMBRE, ID_CANTON) VALUES (70307, 'Reventazón', 703)

  INTO DISTRITO (ID_DISTRITO, NOMBRE, ID_CANTON) VALUES (70401, 'Bratsi', 704)
  INTO DISTRITO (ID_DISTRITO, NOMBRE, ID_CANTON) VALUES (70402, 'Sixaola', 704)
  INTO DISTRITO (ID_DISTRITO, NOMBRE, ID_CANTON) VALUES (70403, 'Cahuita', 704)
  INTO DISTRITO (ID_DISTRITO, NOMBRE, ID_CANTON) VALUES (70404, 'Telire', 704)

  INTO DISTRITO (ID_DISTRITO, NOMBRE, ID_CANTON) VALUES (70501, 'Matina', 705)
  INTO DISTRITO (ID_DISTRITO, NOMBRE, ID_CANTON) VALUES (70502, 'Batán', 705)
  INTO DISTRITO (ID_DISTRITO, NOMBRE, ID_CANTON) VALUES (70503, 'Carrandi', 705)

  INTO DISTRITO (ID_DISTRITO, NOMBRE, ID_CANTON) VALUES (70601, 'Guácimo', 706)
  INTO DISTRITO (ID_DISTRITO, NOMBRE, ID_CANTON) VALUES (70602, 'Mercedes', 706)
  INTO DISTRITO (ID_DISTRITO, NOMBRE, ID_CANTON) VALUES (70603, 'Pocora', 706)
  INTO DISTRITO (ID_DISTRITO, NOMBRE, ID_CANTON) VALUES (70604, 'Río Jiménez', 706)
  INTO DISTRITO (ID_DISTRITO, NOMBRE, ID_CANTON) VALUES (70605, 'Duacarí', 706)
  
  SELECT 1 FROM dual;
  COMMIT;


INSERT INTO DIRECCIONES (ID_Distrito, Detalle) VALUES (10101, '200m norte de la Iglesia del Carmen');
INSERT INTO DIRECCIONES (ID_Distrito, Detalle) VALUES (10101, 'Frente al Parque Nacional');
INSERT INTO DIRECCIONES (ID_Distrito, Detalle) VALUES (10102, 'Costado sur del Hospital San Juan de Dios');
INSERT INTO DIRECCIONES (ID_Distrito, Detalle) VALUES (10103, '100m este del Teatro Nacional');
INSERT INTO DIRECCIONES (ID_Distrito, Detalle) VALUES (10104, 'Barrio Escalante, Avenida Central');
INSERT INTO DIRECCIONES (ID_Distrito, Detalle) VALUES (10105, '200m oeste del Mall San Pedro');
INSERT INTO DIRECCIONES (ID_Distrito, Detalle) VALUES (10201, 'Centro de Desamparados, frente a la Municipalidad');
INSERT INTO DIRECCIONES (ID_Distrito, Detalle) VALUES (10202, 'San Miguel, contiguo al BAC');
INSERT INTO DIRECCIONES (ID_Distrito, Detalle) VALUES (10203, 'San Juan de Dios, 50m sur del parque');
INSERT INTO DIRECCIONES (ID_Distrito, Detalle) VALUES (10301, 'Curridabat centro, costado norte del parque');
INSERT INTO DIRECCIONES (ID_Distrito, Detalle) VALUES (10302, 'Granadilla, 300m este de la iglesia');
INSERT INTO DIRECCIONES (ID_Distrito, Detalle) VALUES (10303, 'Tirrases, frente al Ebais');
INSERT INTO DIRECCIONES (ID_Distrito, Detalle) VALUES (10401, 'Zapote centro, frente a Casa Presidencial');
INSERT INTO DIRECCIONES (ID_Distrito, Detalle) VALUES (10402, 'San Francisco, costado oeste del parque');
INSERT INTO DIRECCIONES (ID_Distrito, Detalle) VALUES (20101, 'Alajuela centro, frente al Parque Juan Santamaria');
INSERT INTO DIRECCIONES (ID_Distrito, Detalle) VALUES (20102, 'El Roble, 200m norte de la escuela');
INSERT INTO DIRECCIONES (ID_Distrito, Detalle) VALUES (20103, 'Desamparados de Alajuela, frente al super');
INSERT INTO DIRECCIONES (ID_Distrito, Detalle) VALUES (20201, 'San Ramon centro, contiguo a la iglesia');
INSERT INTO DIRECCIONES (ID_Distrito, Detalle) VALUES (20202, 'Santiago, 100m oeste del Ebais');
INSERT INTO DIRECCIONES (ID_Distrito, Detalle) VALUES (20203, 'Piedades Norte, frente a la plaza');
INSERT INTO DIRECCIONES (ID_Distrito, Detalle) VALUES (20301, 'Grecia centro, Avenida Central');
INSERT INTO DIRECCIONES (ID_Distrito, Detalle) VALUES (20302, 'San Roque, costado este de la iglesia');
INSERT INTO DIRECCIONES (ID_Distrito, Detalle) VALUES (30101, 'Cartago centro, frente a la Basilica');
INSERT INTO DIRECCIONES (ID_Distrito, Detalle) VALUES (30102, 'Oriental, 200m sur del TEC');
INSERT INTO DIRECCIONES (ID_Distrito, Detalle) VALUES (30103, 'Occidental, frente al parque');
INSERT INTO DIRECCIONES (ID_Distrito, Detalle) VALUES (30201, 'Paraiso centro, costado norte del parque');
INSERT INTO DIRECCIONES (ID_Distrito, Detalle) VALUES (30202, 'Santiago, frente al colegio');
INSERT INTO DIRECCIONES (ID_Distrito, Detalle) VALUES (40101, 'Heredia centro, frente al Fortin');
INSERT INTO DIRECCIONES (ID_Distrito, Detalle) VALUES (40102, 'Mercedes, 300m norte de la iglesia');
INSERT INTO DIRECCIONES (ID_Distrito, Detalle) VALUES (40103, 'San Francisco, frente al parque');
INSERT INTO DIRECCIONES (ID_Distrito, Detalle) VALUES (40201, 'Barva centro, contiguo al banco');
INSERT INTO DIRECCIONES (ID_Distrito, Detalle) VALUES (40202, 'San Pedro, frente al Ebais');
INSERT INTO DIRECCIONES (ID_Distrito, Detalle) VALUES (50101, 'Liberia centro, frente al parque');
INSERT INTO DIRECCIONES (ID_Distrito, Detalle) VALUES (50102, 'Cañas Dulces, costado sur de la plaza');
INSERT INTO DIRECCIONES (ID_Distrito, Detalle) VALUES (50201, 'Nicoya centro, Avenida Central');
INSERT INTO DIRECCIONES (ID_Distrito, Detalle) VALUES (50202, 'Samara, frente a la playa');
INSERT INTO DIRECCIONES (ID_Distrito, Detalle) VALUES (60101, 'Puntarenas centro, frente al muelle');
INSERT INTO DIRECCIONES (ID_Distrito, Detalle) VALUES (60102, 'El Roble, costado norte de la iglesia');
INSERT INTO DIRECCIONES (ID_Distrito, Detalle) VALUES (60201, 'Esparza centro, frente al parque');
INSERT INTO DIRECCIONES (ID_Distrito, Detalle) VALUES (70101, 'Limon centro, frente al parque Vargas');
INSERT INTO DIRECCIONES (ID_Distrito, Detalle) VALUES (70102, 'Valle La Estrella, frente a la escuela');
INSERT INTO DIRECCIONES (ID_Distrito, Detalle) VALUES (70201, 'Guapiles centro, Avenida Central');
INSERT INTO DIRECCIONES (ID_Distrito, Detalle) VALUES (70202, 'Jimenez, frente al colegio');
INSERT INTO DIRECCIONES (ID_Distrito, Detalle) VALUES (70301, 'Siquirres centro, contiguo al banco');
INSERT INTO DIRECCIONES (ID_Distrito, Detalle) VALUES (70302, 'Florida, frente a la iglesia');
INSERT INTO DIRECCIONES (ID_Distrito, Detalle) VALUES (70401, 'Talamanca, frente al parque');
INSERT INTO DIRECCIONES (ID_Distrito, Detalle) VALUES (70402, 'Bratsi, costado oeste del Ebais');
INSERT INTO DIRECCIONES (ID_Distrito, Detalle) VALUES (70501, 'Matina centro, frente a la municipalidad');
INSERT INTO DIRECCIONES (ID_Distrito, Detalle) VALUES (70502, 'Batán, contiguo a la plaza');
COMMIT;

SELECT * FROM Direcciones;


--ROLES

INSERT INTO Roles (Rol) VALUES ('Administrador');
INSERT INTO Roles (Rol) VALUES ('Recursos Humanos');
INSERT INTO Roles (Rol) VALUES ('Cajero');
SELECT * FROM ROLES
COMMIT;

--TURNOS
INSERT INTO Turnos (Turno) VALUES ('Mañana');
INSERT INTO Turnos (Turno) VALUES ('Tarde');
SELECT * FROM TURNOS
COMMIT;

--TIPO DE PAGOS
INSERT INTO Tipo_Pagos (Metodo_Pago) VALUES ('Efectivo');
INSERT INTO Tipo_Pagos (Metodo_Pago) VALUES ('Tarjeta');
INSERT INTO Tipo_Pagos (Metodo_Pago) VALUES ('SINPE Móvil');
SELECT * FROM Tipo_Pagos
COMMIT;


--TIPO DE DEVOLUCIONES
INSERT INTO Tipo_Devoluciones (Tipo_Devolucion) VALUES ('Producto defectuoso'); 
INSERT INTO Tipo_Devoluciones (Tipo_Devolucion) VALUES ('Error de compra');
INSERT INTO Tipo_Devoluciones (Tipo_Devolucion) VALUES ('Garantía');
INSERT INTO Tipo_Devoluciones (Tipo_Devolucion) VALUES ('Producto no compatible');
INSERT INTO Tipo_Devoluciones (Tipo_Devolucion) VALUES ('Otro');
SELECT * FROM Tipo_Devoluciones
COMMIT;

--CATEGORÍA
INSERT INTO Categoria (Nombre) VALUES ('Lubricantes');
INSERT INTO Categoria (Nombre) VALUES ('Filtros');
INSERT INTO Categoria (Nombre) VALUES ('Aditivos');
INSERT INTO Categoria (Nombre) VALUES ('Refrigerantes');
INSERT INTO Categoria (Nombre) VALUES ('Frenos');
INSERT INTO Categoria (Nombre) VALUES ('Limpieza');
INSERT INTO Categoria (Nombre) VALUES ('Accesorios');
INSERT INTO Categoria (Nombre) VALUES ('Iluminación');
INSERT INTO Categoria (Nombre) VALUES ('Neumáticos');
INSERT INTO Categoria (Nombre) VALUES ('Herramientas');
SELECT * FROM Categoria;
COMMIT;



--SUCURSALES
INSERT INTO Sucursales (Nombre, Estado) VALUES ('Pejivalle Distrito de Carmen', 'Activo');   -- 10101
INSERT INTO Sucursales (Nombre, Estado) VALUES ('Pejivalle Distrito de Carmen', 'Activo');   -- 10101
INSERT INTO Sucursales (Nombre, Estado) VALUES ('Pejivalle Distrito de Merced', 'Activo');   -- 10102
INSERT INTO Sucursales (Nombre, Estado) VALUES ('Pejivalle Distrito de Hospital', 'Activo');  -- 10103
INSERT INTO Sucursales (Nombre, Estado) VALUES ('Pejivalle Distrito de Catedral', 'Activo');  -- 10104
INSERT INTO Sucursales (Nombre, Estado) VALUES ('Pejivalle Distrito de Zapote,}', 'Activo');    -- 10105
INSERT INTO Sucursales (Nombre, Estado) VALUES ('Pejivalle Distrito de Desamparados', 'Activo');     -- 10201
INSERT INTO Sucursales (Nombre, Estado) VALUES ('Pejivalle Distrito de San Miguel', 'Activo');       -- 10202
INSERT INTO Sucursales (Nombre, Estado) VALUES ('Pejivalle Distrito de San Juan de Dios', 'Activo'); -- 10203
INSERT INTO Sucursales (Nombre, Estado) VALUES ('Pejivalle Distrito de Curridabat', 'Activo');  -- 10301
INSERT INTO Sucursales (Nombre, Estado) VALUES ('Pejivalle Distrito de Granadilla', 'Activo');  -- 10302
INSERT INTO Sucursales (Nombre, Estado) VALUES ('Pejivalle Distrito de Tirrases', 'Activo');    -- 10303
INSERT INTO Sucursales (Nombre, Estado) VALUES ('Pejivalle Distrito de Zapote', 'Activo');               -- 10401
INSERT INTO Sucursales (Nombre, Estado) VALUES ('Pejivalle Distrito de San Francisco de Dos Ríos', 'Activo'); -- 10402
INSERT INTO Sucursales (Nombre, Estado) VALUES ('Pejivalle Distrito de Alajuela', 'Activo');      -- 20101
INSERT INTO Sucursales (Nombre, Estado) VALUES ('Pejivalle Distrito de San José', 'Activo');      -- 20102
INSERT INTO Sucursales (Nombre, Estado) VALUES ('Pejivalle Distrito de Desamparados de Alajuela', 'Activo');   -- 20103
INSERT INTO Sucursales (Nombre, Estado) VALUES ('Pejivalle Distrito de San Ramón', 'Activo');        -- 20201
INSERT INTO Sucursales (Nombre, Estado) VALUES ('Pejivalle Distrito de Santiago', 'Activo');         -- 20202
INSERT INTO Sucursales (Nombre, Estado) VALUES ('Pejivalle Distrito de Piedades Norte', 'Activo');   -- 20203
INSERT INTO Sucursales (Nombre, Estado) VALUES ('Pejivalle Distrito de Grecia', 'Activo');           -- 20301
INSERT INTO Sucursales (Nombre, Estado) VALUES ('Pejivalle Distrito de San Roque', 'Activo');        -- 20302
INSERT INTO Sucursales (Nombre, Estado) VALUES ('Pejivalle Distrito de Cartago', 'Activo');          -- 30101
INSERT INTO Sucursales (Nombre, Estado) VALUES ('Pejivalle Distrito de Oriental', 'Activo');         -- 30102
INSERT INTO Sucursales (Nombre, Estado) VALUES ('Pejivalle Distrito de Occidental', 'Activo');       -- 30103
INSERT INTO Sucursales (Nombre, Estado) VALUES ('Pejivalle Distrito de Paraíso', 'Activo');          -- 30201
INSERT INTO Sucursales (Nombre, Estado) VALUES ('Pejivalle Distrito de Santiago', 'Activo');         -- 30202
INSERT INTO Sucursales (Nombre, Estado) VALUES ('Pejivalle Distrito de Heredia', 'Activo');          -- 40101
INSERT INTO Sucursales (Nombre, Estado) VALUES ('Pejivalle Distrito de Mercedes)', 'Activo');         -- 40102
INSERT INTO Sucursales (Nombre, Estado) VALUES ('Pejivalle Distrito de San Francisco', 'Activo');    -- 40103
INSERT INTO Sucursales (Nombre, Estado) VALUES ('Pejivalle Distrito de Barva', 'Activo');              -- 40201
INSERT INTO Sucursales (Nombre, Estado) VALUES ('Pejivalle Distrito de San Pedro', 'Activo');          -- 40202
INSERT INTO Sucursales (Nombre, Estado) VALUES ('Pejivalle Distrito de Liberia', 'Activo');       -- 50101
INSERT INTO Sucursales (Nombre, Estado) VALUES ('Pejivalle Distrito de Cañas Dulces', 'Activo');   -- 50102
INSERT INTO Sucursales (Nombre, Estado) VALUES ('Pejivalle Distrito de Nicoya', 'Activo');         -- 50201
INSERT INTO Sucursales (Nombre, Estado) VALUES ('Pejivalle Distrito de Sámara', 'Activo');         -- 50202
INSERT INTO Sucursales (Nombre, Estado) VALUES ('Pejivalle Distrito de Puntarenas', 'Activo'); -- 60101
INSERT INTO Sucursales (Nombre, Estado) VALUES ('Pejivalle Distrito de El Roble', 'Activo');   -- 60102
INSERT INTO Sucursales (Nombre, Estado) VALUES ('Pejivalle Distrito de Esparza', 'Activo');       -- 60201
INSERT INTO Sucursales (Nombre, Estado) VALUES ('Pejivalle Distrito de Limón', 'Activo');                -- 70101
INSERT INTO Sucursales (Nombre, Estado) VALUES ('Pejivalle Distrito de Valle La Estrella', 'Activo');    -- 70102
INSERT INTO Sucursales (Nombre, Estado) VALUES ('Pejivalle Distrito de Guápiles', 'Activo');            -- 70201
INSERT INTO Sucursales (Nombre, Estado) VALUES ('Pejivalle Distrito de Jiménez', 'Activo');             -- 70202
INSERT INTO Sucursales (Nombre, Estado) VALUES ('Pejivalle Distrito de Siquirres', 'Activo');        -- 70301
INSERT INTO Sucursales (Nombre, Estado) VALUES ('Pejivalle Distrito de Florida', 'Activo');          -- 70302
INSERT INTO Sucursales (Nombre, Estado) VALUES ('Pejivalle Distrito de Talamanca', 'Activo');        -- 70401
INSERT INTO Sucursales (Nombre, Estado) VALUES ('Pejivalle Distrito de Bratsi,', 'Activo');           -- 70402
INSERT INTO Sucursales (Nombre, Estado) VALUES ('Pejivalle Distrito de Matina,', 'Activo');              -- 70501
INSERT INTO Sucursales (Nombre, Estado) VALUES ('Pejivalle Distrito de Batán,', 'Activo');               -- 70502

COMMIT;
SELECT * FROM Sucursales;

--SUCURSALES_DIRECCIONES

INSERT INTO Sucursales_Direcciones (ID_Sucursal, ID_Direccion) VALUES (1, 1);
INSERT INTO Sucursales_Direcciones (ID_Sucursal, ID_Direccion) VALUES (2, 2);
INSERT INTO Sucursales_Direcciones (ID_Sucursal, ID_Direccion) VALUES (3, 3);
INSERT INTO Sucursales_Direcciones (ID_Sucursal, ID_Direccion) VALUES (4, 4);
INSERT INTO Sucursales_Direcciones (ID_Sucursal, ID_Direccion) VALUES (5, 5);
INSERT INTO Sucursales_Direcciones (ID_Sucursal, ID_Direccion) VALUES (6, 6);
INSERT INTO Sucursales_Direcciones (ID_Sucursal, ID_Direccion) VALUES (7, 7);
INSERT INTO Sucursales_Direcciones (ID_Sucursal, ID_Direccion) VALUES (8, 8);
INSERT INTO Sucursales_Direcciones (ID_Sucursal, ID_Direccion) VALUES (9, 9);
INSERT INTO Sucursales_Direcciones (ID_Sucursal, ID_Direccion) VALUES (10, 10);

INSERT INTO Sucursales_Direcciones (ID_Sucursal, ID_Direccion) VALUES (11, 11);
INSERT INTO Sucursales_Direcciones (ID_Sucursal, ID_Direccion) VALUES (12, 12);
INSERT INTO Sucursales_Direcciones (ID_Sucursal, ID_Direccion) VALUES (13, 13);
INSERT INTO Sucursales_Direcciones (ID_Sucursal, ID_Direccion) VALUES (14, 14);
INSERT INTO Sucursales_Direcciones (ID_Sucursal, ID_Direccion) VALUES (15, 15);
INSERT INTO Sucursales_Direcciones (ID_Sucursal, ID_Direccion) VALUES (16, 16);
INSERT INTO Sucursales_Direcciones (ID_Sucursal, ID_Direccion) VALUES (17, 17);
INSERT INTO Sucursales_Direcciones (ID_Sucursal, ID_Direccion) VALUES (18, 18);
INSERT INTO Sucursales_Direcciones (ID_Sucursal, ID_Direccion) VALUES (19, 19);
INSERT INTO Sucursales_Direcciones (ID_Sucursal, ID_Direccion) VALUES (20, 20);

INSERT INTO Sucursales_Direcciones (ID_Sucursal, ID_Direccion) VALUES (21, 21);
INSERT INTO Sucursales_Direcciones (ID_Sucursal, ID_Direccion) VALUES (22, 22);
INSERT INTO Sucursales_Direcciones (ID_Sucursal, ID_Direccion) VALUES (23, 23);
INSERT INTO Sucursales_Direcciones (ID_Sucursal, ID_Direccion) VALUES (24, 24);
INSERT INTO Sucursales_Direcciones (ID_Sucursal, ID_Direccion) VALUES (25, 25);
INSERT INTO Sucursales_Direcciones (ID_Sucursal, ID_Direccion) VALUES (26, 26);
INSERT INTO Sucursales_Direcciones (ID_Sucursal, ID_Direccion) VALUES (27, 27);
INSERT INTO Sucursales_Direcciones (ID_Sucursal, ID_Direccion) VALUES (28, 28);
INSERT INTO Sucursales_Direcciones (ID_Sucursal, ID_Direccion) VALUES (29, 29);
INSERT INTO Sucursales_Direcciones (ID_Sucursal, ID_Direccion) VALUES (30, 30);

INSERT INTO Sucursales_Direcciones (ID_Sucursal, ID_Direccion) VALUES (31, 31);
INSERT INTO Sucursales_Direcciones (ID_Sucursal, ID_Direccion) VALUES (32, 32);
INSERT INTO Sucursales_Direcciones (ID_Sucursal, ID_Direccion) VALUES (33, 33);
INSERT INTO Sucursales_Direcciones (ID_Sucursal, ID_Direccion) VALUES (34, 34);
INSERT INTO Sucursales_Direcciones (ID_Sucursal, ID_Direccion) VALUES (35, 35);
INSERT INTO Sucursales_Direcciones (ID_Sucursal, ID_Direccion) VALUES (36, 36);
INSERT INTO Sucursales_Direcciones (ID_Sucursal, ID_Direccion) VALUES (37, 37);
INSERT INTO Sucursales_Direcciones (ID_Sucursal, ID_Direccion) VALUES (38, 38);
INSERT INTO Sucursales_Direcciones (ID_Sucursal, ID_Direccion) VALUES (39, 39);
INSERT INTO Sucursales_Direcciones (ID_Sucursal, ID_Direccion) VALUES (40, 40);

INSERT INTO Sucursales_Direcciones (ID_Sucursal, ID_Direccion) VALUES (41, 41);
INSERT INTO Sucursales_Direcciones (ID_Sucursal, ID_Direccion) VALUES (42, 42);
INSERT INTO Sucursales_Direcciones (ID_Sucursal, ID_Direccion) VALUES (43, 43);
INSERT INTO Sucursales_Direcciones (ID_Sucursal, ID_Direccion) VALUES (44, 44);
INSERT INTO Sucursales_Direcciones (ID_Sucursal, ID_Direccion) VALUES (45, 45);
INSERT INTO Sucursales_Direcciones (ID_Sucursal, ID_Direccion) VALUES (46, 46);
INSERT INTO Sucursales_Direcciones (ID_Sucursal, ID_Direccion) VALUES (47, 47);
INSERT INTO Sucursales_Direcciones (ID_Sucursal, ID_Direccion) VALUES (48, 48);
INSERT INTO Sucursales_Direcciones (ID_Sucursal, ID_Direccion) VALUES (49, 49);
INSERT INTO Sucursales_Direcciones (ID_Sucursal, ID_Direccion) VALUES (50, 50);

COMMIT;
SELECT * FROM SUCURSALES_DIRECCIONES;

--PROVEEDORES
INSERT INTO Proveedores
(Nombre_Proveedor, Nombre_Contacto, Apellido1, Apellido2, Correo_Electr, Telefono, Estado)
VALUES ('Motul Costa Rica', 'Carlos', 'Ramírez', 'Vargas', 'motul.cr@example.com', '2222-1101', 'Activo');

INSERT INTO Proveedores
(Nombre_Proveedor, Nombre_Contacto, Apellido1, Apellido2, Correo_Electr, Telefono, Estado)
VALUES ('Castrol Distribución', 'Andrea', 'Soto', 'Mora', 'castrol.cr@example.com', '2222-1102', 'Activo');

INSERT INTO Proveedores
(Nombre_Proveedor, Nombre_Contacto, Apellido1, Apellido2, Correo_Electr, Telefono, Estado)
VALUES ('Shell Helix CR', 'Jorge', 'Hernández', 'Soto', 'shell.cr@example.com', '2222-1103', 'Activo');

INSERT INTO Proveedores
(Nombre_Proveedor, Nombre_Contacto, Apellido1, Apellido2, Correo_Electr, Telefono, Estado)
VALUES ('Valvoline CR', 'Paula', 'González', 'Vega', 'valvoline.cr@example.com', '2222-1104', 'Activo');

INSERT INTO Proveedores
(Nombre_Proveedor, Nombre_Contacto, Apellido1, Apellido2, Correo_Electr, Telefono, Estado)
VALUES ('TotalEnergies CR', 'Luis', 'Jiménez', 'Araya', 'total.cr@example.com', '2222-1105', 'Activo');

INSERT INTO Proveedores
(Nombre_Proveedor, Nombre_Contacto, Apellido1, Apellido2, Correo_Electr, Telefono, Estado)
VALUES ('MANN-FILTER', 'Sofía', 'Rodríguez', 'Chacón', 'mann.cr@example.com', '2222-1106', 'Activo');

INSERT INTO Proveedores
(Nombre_Proveedor, Nombre_Contacto, Apellido1, Apellido2, Correo_Electr, Telefono, Estado)
VALUES ('Bosch Autopartes', 'Daniel', 'Pérez', 'Segura', 'bosch.cr@example.com', '2222-1107', 'Activo');

INSERT INTO Proveedores
(Nombre_Proveedor, Nombre_Contacto, Apellido1, Apellido2, Correo_Electr, Telefono, Estado)
VALUES ('FRAM Filtros', 'Natalia', 'Sánchez', 'Ureña', 'fram.cr@example.com', '2222-1108', 'Activo');

INSERT INTO Proveedores
(Nombre_Proveedor, Nombre_Contacto, Apellido1, Apellido2, Correo_Electr, Telefono, Estado)
VALUES ('Mobil 1', 'Ricardo', 'Vargas', 'Méndez', 'mobil1.cr@example.com', '2222-1109', 'Activo');

INSERT INTO Proveedores
(Nombre_Proveedor, Nombre_Contacto, Apellido1, Apellido2, Correo_Electr, Telefono, Estado)
VALUES ('Liqui Moly', 'Fernanda', 'Castro', 'Valverde', 'liquimoly.cr@example.com', '2222-1110', 'Activo');

COMMIT;
SELECT * FROM PROVEEDORES;

--PROVEEDORES_DIRECCIONES
INSERT INTO Proveedores_Direcciones (ID_Proveedor, ID_Direccion)
VALUES (1, 1);

INSERT INTO Proveedores_Direcciones (ID_Proveedor, ID_Direccion)
VALUES (2, 2);

INSERT INTO Proveedores_Direcciones (ID_Proveedor, ID_Direccion)
VALUES (3, 3);

INSERT INTO Proveedores_Direcciones (ID_Proveedor, ID_Direccion)
VALUES (4, 4);

INSERT INTO Proveedores_Direcciones (ID_Proveedor, ID_Direccion)
VALUES (5, 5);

INSERT INTO Proveedores_Direcciones (ID_Proveedor, ID_Direccion)
VALUES (6, 6);

INSERT INTO Proveedores_Direcciones (ID_Proveedor, ID_Direccion)
VALUES (7, 7);

INSERT INTO Proveedores_Direcciones (ID_Proveedor, ID_Direccion)
VALUES (8, 8);

INSERT INTO Proveedores_Direcciones (ID_Proveedor, ID_Direccion)
VALUES (9, 9);

INSERT INTO Proveedores_Direcciones (ID_Proveedor, ID_Direccion)
VALUES (10, 10);

COMMIT;
SELECT * FROM Proveedores_Direcciones;

--CLIENTES
INSERT INTO Clientes VALUES ('1-1000-2000', 'María', 'González', 'Soto', 'maria.gonzalez01@gmail.com', '8600-0000');
INSERT INTO Clientes VALUES ('2-1001-2001', 'Ana', 'Rodríguez', 'Méndez', 'ana.rodriguez02@hotmail.com', '8600-0001');
INSERT INTO Clientes VALUES ('3-1002-2002', 'Sofía', 'Hernández', 'Vega', 'sofia.hernandez03@icloud.com', '8600-0002');
INSERT INTO Clientes VALUES ('4-1003-2003', 'Valeria', 'Pérez', 'Cordero', 'valeria.perez04@outlook.com', '8600-0003');
INSERT INTO Clientes VALUES ('5-1004-2004', 'Camila', 'Sánchez', 'Madrigal', 'camila.sanchez05@yahoo.com', '8600-0004');

INSERT INTO Clientes VALUES ('6-1005-2005', 'Isabella', 'Ramírez', 'Segura', 'isabella.ramirez06@gmail.com', '8600-0005');
INSERT INTO Clientes VALUES ('7-1006-2006', 'Daniela', 'Cruz', 'Araya', 'daniela.cruz07@hotmail.com', '8600-0006');
INSERT INTO Clientes VALUES ('1-1007-2007', 'Gabriela', 'Vargas', 'Chacón', 'gabriela.vargas08@icloud.com', '8600-0007');
INSERT INTO Clientes VALUES ('2-1008-2008', 'Paula', 'Jiménez', 'Villalobos', 'paula.jimenez09@outlook.com', '8600-0008');
INSERT INTO Clientes VALUES ('3-1009-2009', 'Lucía', 'Mora', 'Valverde', 'lucia.mora10@yahoo.com', '8600-0009');

INSERT INTO Clientes VALUES ('4-1010-2010', 'Karla', 'Castro', 'Ureña', 'karla.castro11@gmail.com', '8600-0010');
INSERT INTO Clientes VALUES ('5-1011-2011', 'Andrea', 'Rojas', 'Zúñiga', 'andrea.rojas12@hotmail.com', '8600-0011');
INSERT INTO Clientes VALUES ('6-1012-2012', 'Laura', 'Alvarado', 'Brenes', 'laura.alvarado13@icloud.com', '8600-0012');
INSERT INTO Clientes VALUES ('7-1013-2013', 'Natalia', 'Solís', 'Pacheco', 'natalia.solis14@outlook.com', '8600-0013');
INSERT INTO Clientes VALUES ('1-1014-2014', 'Fernanda', 'Arias', 'Muñoz', 'fernanda.arias15@yahoo.com', '8600-0014');

INSERT INTO Clientes VALUES ('2-1015-2015', 'Diana', 'Aguilar', 'Fonseca', 'diana.aguilar16@gmail.com', '8600-0015');
INSERT INTO Clientes VALUES ('3-1016-2016', 'Melanie', 'Navarro', 'Núñez', 'melanie.navarro17@hotmail.com', '8600-0016');
INSERT INTO Clientes VALUES ('4-1017-2017', 'Alejandra', 'Campos', 'Guzmán', 'alejandra.campos18@icloud.com', '8600-0017');
INSERT INTO Clientes VALUES ('5-1018-2018', 'Carolina', 'Quesada', 'Céspedes', 'carolina.quesada19@outlook.com', '8600-0018');
INSERT INTO Clientes VALUES ('6-1019-2019', 'Victoria', 'Salas', 'Soto', 'victoria.salas20@yahoo.com', '8600-0019');

INSERT INTO Clientes VALUES ('7-1020-2020', 'José', 'González', 'Méndez', 'jose.gonzalez21@gmail.com', '8600-0020');
INSERT INTO Clientes VALUES ('1-1021-2021', 'Juan', 'Rodríguez', 'Vega', 'juan.rodriguez22@hotmail.com', '8600-0021');
INSERT INTO Clientes VALUES ('2-1022-2022', 'Carlos', 'Hernández', 'Cordero', 'carlos.hernandez23@icloud.com', '8600-0022');
INSERT INTO Clientes VALUES ('3-1023-2023', 'Luis', 'Pérez', 'Madrigal', 'luis.perez24@outlook.com', '8600-0023');
INSERT INTO Clientes VALUES ('4-1024-2024', 'Daniel', 'Sánchez', 'Segura', 'daniel.sanchez25@yahoo.com', '8600-0024');

INSERT INTO Clientes VALUES ('5-1025-2025', 'Andrés', 'Ramírez', 'Araya', 'andres.ramirez26@gmail.com', '8600-0025');
INSERT INTO Clientes VALUES ('6-1026-2026', 'Jorge', 'Cruz', 'Chacón', 'jorge.cruz27@hotmail.com', '8600-0026');
INSERT INTO Clientes VALUES ('7-1027-2027', 'David', 'Vargas', 'Villalobos', 'david.vargas28@icloud.com', '8600-0027');
INSERT INTO Clientes VALUES ('1-1028-2028', 'Kevin', 'Jiménez', 'Valverde', 'kevin.jimenez29@outlook.com', '8600-0028');
INSERT INTO Clientes VALUES ('2-1029-2029', 'Fernando', 'Mora', 'Ureña', 'fernando.mora30@yahoo.com', '8600-0029');

INSERT INTO Clientes VALUES ('3-1030-2030', 'Ricardo', 'Castro', 'Zúñiga', 'ricardo.castro31@gmail.com', '8600-0030');
INSERT INTO Clientes VALUES ('4-1031-2031', 'Sebastián', 'Rojas', 'Brenes', 'sebastian.rojas32@hotmail.com', '8600-0031');
INSERT INTO Clientes VALUES ('5-1032-2032', 'Diego', 'Alvarado', 'Pacheco', 'diego.alvarado33@icloud.com', '8600-0032');
INSERT INTO Clientes VALUES ('6-1033-2033', 'Pablo', 'Solís', 'Muñoz', 'pablo.solis34@outlook.com', '8600-0033');
INSERT INTO Clientes VALUES ('7-1034-2034', 'Marco', 'Arias', 'Fonseca', 'marco.arias35@yahoo.com', '8600-0034');

INSERT INTO Clientes VALUES ('1-1035-2035', 'Esteban', 'Aguilar', 'Núñez', 'esteban.aguilar36@gmail.com', '8600-0035');
INSERT INTO Clientes VALUES ('2-1036-2036', 'Emilio', 'Navarro', 'Guzmán', 'emilio.navarro37@hotmail.com', '8600-0036');
INSERT INTO Clientes VALUES ('3-1037-2037', 'Mateo', 'Campos', 'Céspedes', 'mateo.campos38@icloud.com', '8600-0037');
INSERT INTO Clientes VALUES ('4-1038-2038', 'Alejandro', 'Quesada', 'Soto', 'alejandro.quesada39@outlook.com', '8600-0038');
INSERT INTO Clientes VALUES ('5-1039-2039', 'Héctor', 'Salas', 'Méndez', 'hector.salas40@yahoo.com', '8600-0039');

INSERT INTO Clientes VALUES ('6-1040-2040', 'Vanessa', 'González', 'Vega', 'vanessa.gonzalez41@gmail.com', '8600-0040');
INSERT INTO Clientes VALUES ('7-1041-2041', 'Monserrat', 'Rodríguez', 'Cordero', 'monserrat.rodriguez42@hotmail.com', '8600-0041');
INSERT INTO Clientes VALUES ('1-1042-2042', 'Rocío', 'Hernández', 'Madrigal', 'rocio.hernandez43@icloud.com', '8600-0042');
INSERT INTO Clientes VALUES ('2-1043-2043', 'Karen', 'Pérez', 'Segura', 'karen.perez44@outlook.com', '8600-0043');
INSERT INTO Clientes VALUES ('3-1044-2044', 'Cristina', 'Sánchez', 'Araya', 'cristina.sanchez45@yahoo.com', '8600-0044');

INSERT INTO Clientes VALUES ('4-1045-2045', 'Patricia', 'Ramírez', 'Chacón', 'patricia.ramirez46@gmail.com', '8600-0045');
INSERT INTO Clientes VALUES ('5-1046-2046', 'Mónica', 'Cruz', 'Villalobos', 'monica.cruz47@hotmail.com', '8600-0046');
INSERT INTO Clientes VALUES ('6-1047-2047', 'Lorena', 'Vargas', 'Valverde', 'lorena.vargas48@icloud.com', '8600-0047');
INSERT INTO Clientes VALUES ('7-1048-2048', 'Paola', 'Jiménez', 'Ureña', 'paola.jimenez49@outlook.com', '8600-0048');
INSERT INTO Clientes VALUES ('1-1049-2049', 'Jimena', 'Mora', 'Zúñiga', 'jimena.mora50@yahoo.com', '8600-0049');

COMMIT;
SELECT * FROM Clientes;

--CLIENTES_DIRECCIONES
INSERT INTO Clientes_Direcciones (Cedula, ID_Direccion) VALUES ('1-1000-2000', 1);
INSERT INTO Clientes_Direcciones (Cedula, ID_Direccion) VALUES ('2-1001-2001', 2);
INSERT INTO Clientes_Direcciones (Cedula, ID_Direccion) VALUES ('3-1002-2002', 3);
INSERT INTO Clientes_Direcciones (Cedula, ID_Direccion) VALUES ('4-1003-2003', 4);
INSERT INTO Clientes_Direcciones (Cedula, ID_Direccion) VALUES ('5-1004-2004', 5);
INSERT INTO Clientes_Direcciones (Cedula, ID_Direccion) VALUES ('6-1005-2005', 6);
INSERT INTO Clientes_Direcciones (Cedula, ID_Direccion) VALUES ('7-1006-2006', 7);
INSERT INTO Clientes_Direcciones (Cedula, ID_Direccion) VALUES ('1-1007-2007', 8);
INSERT INTO Clientes_Direcciones (Cedula, ID_Direccion) VALUES ('2-1008-2008', 9);
INSERT INTO Clientes_Direcciones (Cedula, ID_Direccion) VALUES ('3-1009-2009', 10);

INSERT INTO Clientes_Direcciones (Cedula, ID_Direccion) VALUES ('4-1010-2010', 11);
INSERT INTO Clientes_Direcciones (Cedula, ID_Direccion) VALUES ('5-1011-2011', 12);
INSERT INTO Clientes_Direcciones (Cedula, ID_Direccion) VALUES ('6-1012-2012', 13);
INSERT INTO Clientes_Direcciones (Cedula, ID_Direccion) VALUES ('7-1013-2013', 14);
INSERT INTO Clientes_Direcciones (Cedula, ID_Direccion) VALUES ('1-1014-2014', 15);
INSERT INTO Clientes_Direcciones (Cedula, ID_Direccion) VALUES ('2-1015-2015', 16);
INSERT INTO Clientes_Direcciones (Cedula, ID_Direccion) VALUES ('3-1016-2016', 17);
INSERT INTO Clientes_Direcciones (Cedula, ID_Direccion) VALUES ('4-1017-2017', 18);
INSERT INTO Clientes_Direcciones (Cedula, ID_Direccion) VALUES ('5-1018-2018', 19);
INSERT INTO Clientes_Direcciones (Cedula, ID_Direccion) VALUES ('6-1019-2019', 20);

INSERT INTO Clientes_Direcciones (Cedula, ID_Direccion) VALUES ('7-1020-2020', 21);
INSERT INTO Clientes_Direcciones (Cedula, ID_Direccion) VALUES ('1-1021-2021', 22);
INSERT INTO Clientes_Direcciones (Cedula, ID_Direccion) VALUES ('2-1022-2022', 23);
INSERT INTO Clientes_Direcciones (Cedula, ID_Direccion) VALUES ('3-1023-2023', 24);
INSERT INTO Clientes_Direcciones (Cedula, ID_Direccion) VALUES ('4-1024-2024', 25);
INSERT INTO Clientes_Direcciones (Cedula, ID_Direccion) VALUES ('5-1025-2025', 26);
INSERT INTO Clientes_Direcciones (Cedula, ID_Direccion) VALUES ('6-1026-2026', 27);
INSERT INTO Clientes_Direcciones (Cedula, ID_Direccion) VALUES ('7-1027-2027', 28);
INSERT INTO Clientes_Direcciones (Cedula, ID_Direccion) VALUES ('1-1028-2028', 29);
INSERT INTO Clientes_Direcciones (Cedula, ID_Direccion) VALUES ('2-1029-2029', 30);

INSERT INTO Clientes_Direcciones (Cedula, ID_Direccion) VALUES ('3-1030-2030', 31);
INSERT INTO Clientes_Direcciones (Cedula, ID_Direccion) VALUES ('4-1031-2031', 32);
INSERT INTO Clientes_Direcciones (Cedula, ID_Direccion) VALUES ('5-1032-2032', 33);
INSERT INTO Clientes_Direcciones (Cedula, ID_Direccion) VALUES ('6-1033-2033', 34);
INSERT INTO Clientes_Direcciones (Cedula, ID_Direccion) VALUES ('7-1034-2034', 35);
INSERT INTO Clientes_Direcciones (Cedula, ID_Direccion) VALUES ('1-1035-2035', 36);
INSERT INTO Clientes_Direcciones (Cedula, ID_Direccion) VALUES ('2-1036-2036', 37);
INSERT INTO Clientes_Direcciones (Cedula, ID_Direccion) VALUES ('3-1037-2037', 38);
INSERT INTO Clientes_Direcciones (Cedula, ID_Direccion) VALUES ('4-1038-2038', 39);
INSERT INTO Clientes_Direcciones (Cedula, ID_Direccion) VALUES ('5-1039-2039', 40);

INSERT INTO Clientes_Direcciones (Cedula, ID_Direccion) VALUES ('6-1040-2040', 41);
INSERT INTO Clientes_Direcciones (Cedula, ID_Direccion) VALUES ('7-1041-2041', 42);
INSERT INTO Clientes_Direcciones (Cedula, ID_Direccion) VALUES ('1-1042-2042', 43);
INSERT INTO Clientes_Direcciones (Cedula, ID_Direccion) VALUES ('2-1043-2043', 44);
INSERT INTO Clientes_Direcciones (Cedula, ID_Direccion) VALUES ('3-1044-2044', 45);
INSERT INTO Clientes_Direcciones (Cedula, ID_Direccion) VALUES ('4-1045-2045', 46);
INSERT INTO Clientes_Direcciones (Cedula, ID_Direccion) VALUES ('5-1046-2046', 47);
INSERT INTO Clientes_Direcciones (Cedula, ID_Direccion) VALUES ('6-1047-2047', 48);
INSERT INTO Clientes_Direcciones (Cedula, ID_Direccion) VALUES ('7-1048-2048', 49);
INSERT INTO Clientes_Direcciones (Cedula, ID_Direccion) VALUES ('1-1049-2049', 50);

COMMIT;
SELECT * FROM Clientes_Direcciones;

--TRABAJADORES
INSERT INTO Trabajadores (Nombre, Apellido1, Apellido2, Identificacion, Correo_Electronico, Estado, ID_Sucursal, ID_Turno, ID_Rol)
VALUES ('Karla', 'Pérez', 'Chacón', 'T-3000', 'karla.perez01@pejivalle.cr', 'Activo', 1, 2, 2);

INSERT INTO Trabajadores (Nombre, Apellido1, Apellido2, Identificacion, Correo_Electronico, Estado, ID_Sucursal, ID_Turno, ID_Rol)
VALUES ('Andrea', 'Sánchez', 'Villalobos', 'T-3001', 'andrea.sanchez02@pejivalle.cr', 'Activo', 2, 1, 3);

INSERT INTO Trabajadores (Nombre, Apellido1, Apellido2, Identificacion, Correo_Electronico, Estado, ID_Sucursal, ID_Turno, ID_Rol)
VALUES ('Laura', 'Ramírez', 'Valverde', 'T-3002', 'laura.ramirez03@pejivalle.cr', 'Activo', 3, 2, 3);

INSERT INTO Trabajadores (Nombre, Apellido1, Apellido2, Identificacion, Correo_Electronico, Estado, ID_Sucursal, ID_Turno, ID_Rol)
VALUES ('Natalia', 'Cruz', 'Ureña', 'T-3003', 'natalia.cruz04@pejivalle.cr', 'Activo', 4, 1, 2);

INSERT INTO Trabajadores (Nombre, Apellido1, Apellido2, Identificacion, Correo_Electronico, Estado, ID_Sucursal, ID_Turno, ID_Rol)
VALUES ('Fernanda', 'Vargas', 'Zúñiga', 'T-3004', 'fernanda.vargas05@pejivalle.cr', 'Activo', 5, 2, 3);

INSERT INTO Trabajadores (Nombre, Apellido1, Apellido2, Identificacion, Correo_Electronico, Estado, ID_Sucursal, ID_Turno, ID_Rol)
VALUES ('Diana', 'Jiménez', 'Brenes', 'T-3005', 'diana.jimenez06@pejivalle.cr', 'Activo', 1, 1, 3);

INSERT INTO Trabajadores (Nombre, Apellido1, Apellido2, Identificacion, Correo_Electronico, Estado, ID_Sucursal, ID_Turno, ID_Rol)
VALUES ('Melanie', 'Mora', 'Pacheco', 'T-3006', 'melanie.mora07@pejivalle.cr', 'Activo', 2, 2, 2);

INSERT INTO Trabajadores (Nombre, Apellido1, Apellido2, Identificacion, Correo_Electronico, Estado, ID_Sucursal, ID_Turno, ID_Rol)
VALUES ('Alejandra', 'Castro', 'Muñoz', 'T-3007', 'alejandra.castro08@pejivalle.cr', 'Activo', 3, 2, 3);

INSERT INTO Trabajadores (Nombre, Apellido1, Apellido2, Identificacion, Correo_Electronico, Estado, ID_Sucursal, ID_Turno, ID_Rol)
VALUES ('Carolina', 'Rojas', 'Fonseca', 'T-3008', 'carolina.rojas09@pejivalle.cr', 'Activo', 4, 2, 3);

INSERT INTO Trabajadores (Nombre, Apellido1, Apellido2, Identificacion, Correo_Electronico, Estado, ID_Sucursal, ID_Turno, ID_Rol)
VALUES ('Victoria', 'Alvarado', 'Núñez', 'T-3009', 'victoria.alvarado10@pejivalle.cr', 'Activo', 5, 1, 2);

INSERT INTO Trabajadores (Nombre, Apellido1, Apellido2, Identificacion, Correo_Electronico, Estado, ID_Sucursal, ID_Turno, ID_Rol)
VALUES ('José', 'Solís', 'Guzmán', 'T-3010', 'jose.solis11@pejivalle.cr', 'Activo', 1, 2, 3);

INSERT INTO Trabajadores (Nombre, Apellido1, Apellido2, Identificacion, Correo_Electronico, Estado, ID_Sucursal, ID_Turno, ID_Rol)
VALUES ('Juan', 'Arias', 'Céspedes', 'T-3011', 'juan.arias12@pejivalle.cr', 'Activo', 2, 1, 3);

INSERT INTO Trabajadores (Nombre, Apellido1, Apellido2, Identificacion, Correo_Electronico, Estado, ID_Sucursal, ID_Turno, ID_Rol)
VALUES ('Carlos', 'Aguilar', 'Soto', 'T-3012', 'carlos.aguilar13@pejivalle.cr', 'Activo', 3, 2, 2);

INSERT INTO Trabajadores (Nombre, Apellido1, Apellido2, Identificacion, Correo_Electronico, Estado, ID_Sucursal, ID_Turno, ID_Rol)
VALUES ('Luis', 'Navarro', 'Méndez', 'T-3013', 'luis.navarro14@pejivalle.cr', 'Activo', 4, 1, 3);

INSERT INTO Trabajadores (Nombre, Apellido1, Apellido2, Identificacion, Correo_Electronico, Estado, ID_Sucursal, ID_Turno, ID_Rol)
VALUES ('Daniel', 'Campos', 'Vega', 'T-3014', 'daniel.campos15@pejivalle.cr', 'Activo', 5, 2, 3);

INSERT INTO Trabajadores (Nombre, Apellido1, Apellido2, Identificacion, Correo_Electronico, Estado, ID_Sucursal, ID_Turno, ID_Rol)
VALUES ('Andrés', 'Quesada', 'Cordero', 'T-3015', 'andres.quesada16@pejivalle.cr', 'Activo', 1, 2, 2);

INSERT INTO Trabajadores (Nombre, Apellido1, Apellido2, Identificacion, Correo_Electronico, Estado, ID_Sucursal, ID_Turno, ID_Rol)
VALUES ('Jorge', 'Salas', 'Madrigal', 'T-3016', 'jorge.salas17@pejivalle.cr', 'Activo', 2, 2, 3);

INSERT INTO Trabajadores (Nombre, Apellido1, Apellido2, Identificacion, Correo_Electronico, Estado, ID_Sucursal, ID_Turno, ID_Rol)
VALUES ('David', 'González', 'Segura', 'T-3017', 'david.gonzalez18@pejivalle.cr', 'Activo', 3, 1, 2);

INSERT INTO Trabajadores (Nombre, Apellido1, Apellido2, Identificacion, Correo_Electronico, Estado, ID_Sucursal, ID_Turno, ID_Rol)
VALUES ('Kevin', 'Rodríguez', 'Araya', 'T-3018', 'kevin.rodriguez19@pejivalle.cr', 'Activo', 4, 2, 2);

INSERT INTO Trabajadores (Nombre, Apellido1, Apellido2, Identificacion, Correo_Electronico, Estado, ID_Sucursal, ID_Turno, ID_Rol)
VALUES ('Fernando', 'Hernández', 'Chacón', 'T-3019', 'fernando.hernandez20@pejivalle.cr', 'Activo', 5, 1, 3);

INSERT INTO Trabajadores (Nombre, Apellido1, Apellido2, Identificacion, Correo_Electronico, Estado, ID_Sucursal, ID_Turno, ID_Rol)
VALUES ('Ricardo', 'Pérez', 'Villalobos', 'T-3020', 'ricardo.perez21@pejivalle.cr', 'Activo', 1, 2, 1);

INSERT INTO Trabajadores (Nombre, Apellido1, Apellido2, Identificacion, Correo_Electronico, Estado, ID_Sucursal, ID_Turno, ID_Rol)
VALUES ('Sebastián', 'Sánchez', 'Valverde', 'T-3021', 'sebastian.sanchez22@pejivalle.cr', 'Activo', 2, 1, 2);

INSERT INTO Trabajadores (Nombre, Apellido1, Apellido2, Identificacion, Correo_Electronico, Estado, ID_Sucursal, ID_Turno, ID_Rol)
VALUES ('Diego', 'Ramírez', 'Ureña', 'T-3022', 'diego.ramirez23@pejivalle.cr', 'Activo', 3, 2, 2);

INSERT INTO Trabajadores (Nombre, Apellido1, Apellido2, Identificacion, Correo_Electronico, Estado, ID_Sucursal, ID_Turno, ID_Rol)
VALUES ('Pablo', 'Cruz', 'Zúñiga', 'T-3023', 'pablo.cruz24@pejivalle.cr', 'Activo', 4, 2, 1);

INSERT INTO Trabajadores (Nombre, Apellido1, Apellido2, Identificacion, Correo_Electronico, Estado, ID_Sucursal, ID_Turno, ID_Rol)
VALUES ('Marco', 'Vargas', 'Brenes', 'T-3024', 'marco.vargas25@pejivalle.cr', 'Activo', 5, 2, 2);

INSERT INTO Trabajadores (Nombre, Apellido1, Apellido2, Identificacion, Correo_Electronico, Estado, ID_Sucursal, ID_Turno, ID_Rol)
VALUES ('Esteban', 'Jiménez', 'Pacheco', 'T-3025', 'esteban.jimenez26@pejivalle.cr', 'Activo', 1, 2, 3);

INSERT INTO Trabajadores (Nombre, Apellido1, Apellido2, Identificacion, Correo_Electronico, Estado, ID_Sucursal, ID_Turno, ID_Rol)
VALUES ('Emilio', 'Mora', 'Muñoz', 'T-3026', 'emilio.mora27@pejivalle.cr', 'Activo', 2, 2, 3);

INSERT INTO Trabajadores (Nombre, Apellido1, Apellido2, Identificacion, Correo_Electronico, Estado, ID_Sucursal, ID_Turno, ID_Rol)
VALUES ('Mateo', 'Castro', 'Fonseca', 'T-3027', 'mateo.castro28@pejivalle.cr', 'Activo', 3, 1, 2);

INSERT INTO Trabajadores (Nombre, Apellido1, Apellido2, Identificacion, Correo_Electronico, Estado, ID_Sucursal, ID_Turno, ID_Rol)
VALUES ('Alejandro', 'Rojas', 'Núñez', 'T-3028', 'alejandro.rojas29@pejivalle.cr', 'Activo', 4, 2, 3);

INSERT INTO Trabajadores (Nombre, Apellido1, Apellido2, Identificacion, Correo_Electronico, Estado, ID_Sucursal, ID_Turno, ID_Rol)
VALUES ('Héctor', 'Alvarado', 'Guzmán', 'T-3029', 'hector.alvarado30@pejivalle.cr', 'Activo', 5, 1, 3);

INSERT INTO Trabajadores (Nombre, Apellido1, Apellido2, Identificacion, Correo_Electronico, Estado, ID_Sucursal, ID_Turno, ID_Rol)
VALUES ('Vanessa', 'Solís', 'Céspedes', 'T-3030', 'vanessa.solis31@pejivalle.cr', 'Activo', 1, 2, 2);

INSERT INTO Trabajadores (Nombre, Apellido1, Apellido2, Identificacion, Correo_Electronico, Estado, ID_Sucursal, ID_Turno, ID_Rol)
VALUES ('Monserrat', 'Arias', 'Soto', 'T-3031', 'monserrat.arias32@pejivalle.cr', 'Activo', 2, 1, 3);

INSERT INTO Trabajadores (Nombre, Apellido1, Apellido2, Identificacion, Correo_Electronico, Estado, ID_Sucursal, ID_Turno, ID_Rol)
VALUES ('Rocío', 'Aguilar', 'Méndez', 'T-3032', 'rocio.aguilar33@pejivalle.cr', 'Activo', 3, 2, 3);

INSERT INTO Trabajadores (Nombre, Apellido1, Apellido2, Identificacion, Correo_Electronico, Estado, ID_Sucursal, ID_Turno, ID_Rol)
VALUES ('Karen', 'Navarro', 'Vega', 'T-3033', 'karen.navarro34@pejivalle.cr', 'Activo', 4, 1, 2);

INSERT INTO Trabajadores (Nombre, Apellido1, Apellido2, Identificacion, Correo_Electronico, Estado, ID_Sucursal, ID_Turno, ID_Rol)
VALUES ('Cristina', 'Campos', 'Cordero', 'T-3034', 'cristina.campos35@pejivalle.cr', 'Activo', 5, 2, 3);

INSERT INTO Trabajadores (Nombre, Apellido1, Apellido2, Identificacion, Correo_Electronico, Estado, ID_Sucursal, ID_Turno, ID_Rol)
VALUES ('Patricia', 'Quesada', 'Madrigal', 'T-3035', 'patricia.quesada36@pejivalle.cr', 'Activo', 1, 2, 3);

INSERT INTO Trabajadores (Nombre, Apellido1, Apellido2, Identificacion, Correo_Electronico, Estado, ID_Sucursal, ID_Turno, ID_Rol)
VALUES ('Mónica', 'Salas', 'Segura', 'T-3036', 'monica.salas37@pejivalle.cr', 'Activo', 2, 2, 2);

INSERT INTO Trabajadores (Nombre, Apellido1, Apellido2, Identificacion, Correo_Electronico, Estado, ID_Sucursal, ID_Turno, ID_Rol)
VALUES ('Lorena', 'González', 'Araya', 'T-3037', 'lorena.gonzalez38@pejivalle.cr', 'Activo', 3, 1, 3);

INSERT INTO Trabajadores (Nombre, Apellido1, Apellido2, Identificacion, Correo_Electronico, Estado, ID_Sucursal, ID_Turno, ID_Rol)
VALUES ('Paola', 'Rodríguez', 'Chacón', 'T-3038', 'paola.rodriguez39@pejivalle.cr', 'Activo', 4, 2, 1);

INSERT INTO Trabajadores (Nombre, Apellido1, Apellido2, Identificacion, Correo_Electronico, Estado, ID_Sucursal, ID_Turno, ID_Rol)
VALUES ('Jimena', 'Hernández', 'Villalobos', 'T-3039', 'jimena.hernandez40@pejivalle.cr', 'Activo', 5, 1, 2);

INSERT INTO Trabajadores (Nombre, Apellido1, Apellido2, Identificacion, Correo_Electronico, Estado, ID_Sucursal, ID_Turno, ID_Rol)
VALUES ('María', 'Pérez', 'Valverde', 'T-3040', 'maria.perez41@pejivalle.cr', 'Activo', 1, 2, 3);

INSERT INTO Trabajadores (Nombre, Apellido1, Apellido2, Identificacion, Correo_Electronico, Estado, ID_Sucursal, ID_Turno, ID_Rol)
VALUES ('Ana', 'Sánchez', 'Ureña', 'T-3041', 'ana.sanchez42@pejivalle.cr', 'Activo', 2, 2, 3);

INSERT INTO Trabajadores (Nombre, Apellido1, Apellido2, Identificacion, Correo_Electronico, Estado, ID_Sucursal, ID_Turno, ID_Rol)
VALUES ('Sofía', 'Ramírez', 'Zúñiga', 'T-3042', 'sofia.ramirez43@pejivalle.cr', 'Activo', 3, 2, 2);

INSERT INTO Trabajadores (Nombre, Apellido1, Apellido2, Identificacion, Correo_Electronico, Estado, ID_Sucursal, ID_Turno, ID_Rol)
VALUES ('Valeria', 'Cruz', 'Brenes', 'T-3043', 'valeria.cruz44@pejivalle.cr', 'Activo', 4, 2, 3);

INSERT INTO Trabajadores (Nombre, Apellido1, Apellido2, Identificacion, Correo_Electronico, Estado, ID_Sucursal, ID_Turno, ID_Rol)
VALUES ('Camila', 'Vargas', 'Pacheco', 'T-3044', 'camila.vargas45@pejivalle.cr', 'Activo', 5, 2, 3);

INSERT INTO Trabajadores (Nombre, Apellido1, Apellido2, Identificacion, Correo_Electronico, Estado, ID_Sucursal, ID_Turno, ID_Rol)
VALUES ('Isabella', 'Jiménez', 'Muñoz', 'T-3045', 'isabella.jimenez46@pejivalle.cr', 'Activo', 1, 1, 2);

INSERT INTO Trabajadores (Nombre, Apellido1, Apellido2, Identificacion, Correo_Electronico, Estado, ID_Sucursal, ID_Turno, ID_Rol)
VALUES ('Daniela', 'Mora', 'Fonseca', 'T-3046', 'daniela.mora47@pejivalle.cr', 'Activo', 2, 2, 3);

INSERT INTO Trabajadores (Nombre, Apellido1, Apellido2, Identificacion, Correo_Electronico, Estado, ID_Sucursal, ID_Turno, ID_Rol)
VALUES ('Gabriela', 'Castro', 'Núñez', 'T-3047', 'gabriela.castro48@pejivalle.cr', 'Activo', 3, 2, 3);

INSERT INTO Trabajadores (Nombre, Apellido1, Apellido2, Identificacion, Correo_Electronico, Estado, ID_Sucursal, ID_Turno, ID_Rol)
VALUES ('Paula', 'Rojas', 'Guzmán', 'T-3048', 'paula.rojas49@pejivalle.cr', 'Activo', 4, 2, 2);

INSERT INTO Trabajadores (Nombre, Apellido1, Apellido2, Identificacion, Correo_Electronico, Estado, ID_Sucursal, ID_Turno, ID_Rol)
VALUES ('Lucía', 'Alvarado', 'Céspedes', 'T-3049', 'lucia.alvarado50@pejivalle.cr', 'Activo', 5, 2, 3);

COMMIT;
SELECT * FROM TRABAJADORES;

--Telefonos trabajadores
INSERT INTO Telefonos (Telefono, ID_Trabajador) VALUES ('8710-0000', 1);
INSERT INTO Telefonos (Telefono, ID_Trabajador) VALUES ('8710-0000', 2);
INSERT INTO Telefonos (Telefono, ID_Trabajador) VALUES ('8710-0000', 3);
INSERT INTO Telefonos (Telefono, ID_Trabajador) VALUES ('8710-0000', 4);
INSERT INTO Telefonos (Telefono, ID_Trabajador) VALUES ('8710-0000', 5);
INSERT INTO Telefonos (Telefono, ID_Trabajador) VALUES ('8710-0000', 6);
INSERT INTO Telefonos (Telefono, ID_Trabajador) VALUES ('8710-0000', 7);
INSERT INTO Telefonos (Telefono, ID_Trabajador) VALUES ('8710-0000', 8);
INSERT INTO Telefonos (Telefono, ID_Trabajador) VALUES ('8710-0000', 9);
INSERT INTO Telefonos (Telefono, ID_Trabajador) VALUES ('8710-0000', 10);
INSERT INTO Telefonos (Telefono, ID_Trabajador) VALUES ('8710-0000', 11);
INSERT INTO Telefonos (Telefono, ID_Trabajador) VALUES ('8710-0000', 12);
INSERT INTO Telefonos (Telefono, ID_Trabajador) VALUES ('8710-0000', 13);
INSERT INTO Telefonos (Telefono, ID_Trabajador) VALUES ('8710-0000', 14);
INSERT INTO Telefonos (Telefono, ID_Trabajador) VALUES ('8710-0000', 15);
INSERT INTO Telefonos (Telefono, ID_Trabajador) VALUES ('8710-0000', 16);
INSERT INTO Telefonos (Telefono, ID_Trabajador) VALUES ('8710-0000', 17);
INSERT INTO Telefonos (Telefono, ID_Trabajador) VALUES ('8710-0000', 18);
INSERT INTO Telefonos (Telefono, ID_Trabajador) VALUES ('8710-0000', 19);
INSERT INTO Telefonos (Telefono, ID_Trabajador) VALUES ('8710-0000', 20);
INSERT INTO Telefonos (Telefono, ID_Trabajador) VALUES ('8710-0000', 21);
INSERT INTO Telefonos (Telefono, ID_Trabajador) VALUES ('8710-0000', 22);
INSERT INTO Telefonos (Telefono, ID_Trabajador) VALUES ('8710-0000', 23);
INSERT INTO Telefonos (Telefono, ID_Trabajador) VALUES ('8710-0000', 24);
INSERT INTO Telefonos (Telefono, ID_Trabajador) VALUES ('8710-0000', 25);
INSERT INTO Telefonos (Telefono, ID_Trabajador) VALUES ('8710-0000', 26);
INSERT INTO Telefonos (Telefono, ID_Trabajador) VALUES ('8710-0000', 27);
INSERT INTO Telefonos (Telefono, ID_Trabajador) VALUES ('8710-0000', 28);
INSERT INTO Telefonos (Telefono, ID_Trabajador) VALUES ('8710-0000', 29);
INSERT INTO Telefonos (Telefono, ID_Trabajador) VALUES ('8710-0000', 30);
INSERT INTO Telefonos (Telefono, ID_Trabajador) VALUES ('8710-0000', 31);
INSERT INTO Telefonos (Telefono, ID_Trabajador) VALUES ('8710-0000', 32);
INSERT INTO Telefonos (Telefono, ID_Trabajador) VALUES ('8710-0000', 33);
INSERT INTO Telefonos (Telefono, ID_Trabajador) VALUES ('8710-0000', 34);
INSERT INTO Telefonos (Telefono, ID_Trabajador) VALUES ('8710-0000', 35);
INSERT INTO Telefonos (Telefono, ID_Trabajador) VALUES ('8710-0000', 36);
INSERT INTO Telefonos (Telefono, ID_Trabajador) VALUES ('8710-0000', 37);
INSERT INTO Telefonos (Telefono, ID_Trabajador) VALUES ('8710-0000', 38);
INSERT INTO Telefonos (Telefono, ID_Trabajador) VALUES ('8710-0000', 39);
INSERT INTO Telefonos (Telefono, ID_Trabajador) VALUES ('8710-0000', 40);
INSERT INTO Telefonos (Telefono, ID_Trabajador) VALUES ('8710-0000', 41);
INSERT INTO Telefonos (Telefono, ID_Trabajador) VALUES ('8710-0000', 42);
INSERT INTO Telefonos (Telefono, ID_Trabajador) VALUES ('8710-0000', 43);
INSERT INTO Telefonos (Telefono, ID_Trabajador) VALUES ('8710-0000', 44);
INSERT INTO Telefonos (Telefono, ID_Trabajador) VALUES ('8710-0000', 45);
INSERT INTO Telefonos (Telefono, ID_Trabajador) VALUES ('8710-0000', 46);
INSERT INTO Telefonos (Telefono, ID_Trabajador) VALUES ('8710-0000', 47);
INSERT INTO Telefonos (Telefono, ID_Trabajador) VALUES ('8710-0000', 48);
INSERT INTO Telefonos (Telefono, ID_Trabajador) VALUES ('8710-0000', 49);
INSERT INTO Telefonos (Telefono, ID_Trabajador) VALUES ('8710-0000', 50);

COMMIT;
SELECT * FROM Telefonos;

--PAGO TRABAJADORES
INSERT INTO Pago_Trabajadores 
(Anio, Mes, Quincena, Monto_Hora, Horas_Laboradas, Monto_Total, ID_Trabajador)
VALUES (2026, 2, 1, 3200.00, 80.00, 256000.00, 1);

INSERT INTO Pago_Trabajadores 
(Anio, Mes, Quincena, Monto_Hora, Horas_Laboradas, Monto_Total, ID_Trabajador)
VALUES (2026, 2, 1, 3200.00, 80.00, 256000.00, 2);

INSERT INTO Pago_Trabajadores 
(Anio, Mes, Quincena, Monto_Hora, Horas_Laboradas, Monto_Total, ID_Trabajador)
VALUES (2026, 2, 1, 3200.00, 80.00, 256000.00, 3);

INSERT INTO Pago_Trabajadores 
(Anio, Mes, Quincena, Monto_Hora, Horas_Laboradas, Monto_Total, ID_Trabajador)
VALUES (2026, 2, 1, 3200.00, 80.00, 256000.00, 4);

INSERT INTO Pago_Trabajadores 
(Anio, Mes, Quincena, Monto_Hora, Horas_Laboradas, Monto_Total, ID_Trabajador)
VALUES (2026, 2, 1, 3200.00, 80.00, 256000.00, 5);

INSERT INTO Pago_Trabajadores 
(Anio, Mes, Quincena, Monto_Hora, Horas_Laboradas, Monto_Total, ID_Trabajador)
VALUES (2026, 2, 1, 3200.00, 80.00, 256000.00, 6);

INSERT INTO Pago_Trabajadores 
(Anio, Mes, Quincena, Monto_Hora, Horas_Laboradas, Monto_Total, ID_Trabajador)
VALUES (2026, 2, 1, 3200.00, 80.00, 256000.00, 7);

INSERT INTO Pago_Trabajadores 
(Anio, Mes, Quincena, Monto_Hora, Horas_Laboradas, Monto_Total, ID_Trabajador)
VALUES (2026, 2, 1, 3200.00, 80.00, 256000.00, 8);

INSERT INTO Pago_Trabajadores 
(Anio, Mes, Quincena, Monto_Hora, Horas_Laboradas, Monto_Total, ID_Trabajador)
VALUES (2026, 2, 1, 3200.00, 80.00, 256000.00, 9);

INSERT INTO Pago_Trabajadores 
(Anio, Mes, Quincena, Monto_Hora, Horas_Laboradas, Monto_Total, ID_Trabajador)
VALUES (2026, 2, 1, 3200.00, 80.00, 256000.00, 10);

INSERT INTO Pago_Trabajadores 
(Anio, Mes, Quincena, Monto_Hora, Horas_Laboradas, Monto_Total, ID_Trabajador)
VALUES (2026, 2, 1, 3200.00, 80.00, 256000.00, 11);

INSERT INTO Pago_Trabajadores 
(Anio, Mes, Quincena, Monto_Hora, Horas_Laboradas, Monto_Total, ID_Trabajador)
VALUES (2026, 2, 1, 3200.00, 80.00, 256000.00, 12);

INSERT INTO Pago_Trabajadores 
(Anio, Mes, Quincena, Monto_Hora, Horas_Laboradas, Monto_Total, ID_Trabajador)
VALUES (2026, 2, 1, 3200.00, 80.00, 256000.00, 13);

INSERT INTO Pago_Trabajadores 
(Anio, Mes, Quincena, Monto_Hora, Horas_Laboradas, Monto_Total, ID_Trabajador)
VALUES (2026, 2, 1, 3200.00, 80.00, 256000.00, 14);

INSERT INTO Pago_Trabajadores 
(Anio, Mes, Quincena, Monto_Hora, Horas_Laboradas, Monto_Total, ID_Trabajador)
VALUES (2026, 2, 1, 3200.00, 80.00, 256000.00, 15);

INSERT INTO Pago_Trabajadores 
(Anio, Mes, Quincena, Monto_Hora, Horas_Laboradas, Monto_Total, ID_Trabajador)
VALUES (2026, 2, 1, 3200.00, 80.00, 256000.00, 16);

INSERT INTO Pago_Trabajadores 
(Anio, Mes, Quincena, Monto_Hora, Horas_Laboradas, Monto_Total, ID_Trabajador)
VALUES (2026, 2, 1, 3200.00, 80.00, 256000.00, 17);

INSERT INTO Pago_Trabajadores 
(Anio, Mes, Quincena, Monto_Hora, Horas_Laboradas, Monto_Total, ID_Trabajador)
VALUES (2026, 2, 1, 3200.00, 80.00, 256000.00, 18);

INSERT INTO Pago_Trabajadores 
(Anio, Mes, Quincena, Monto_Hora, Horas_Laboradas, Monto_Total, ID_Trabajador)
VALUES (2026, 2, 1, 3200.00, 80.00, 256000.00, 19);

INSERT INTO Pago_Trabajadores 
(Anio, Mes, Quincena, Monto_Hora, Horas_Laboradas, Monto_Total, ID_Trabajador)
VALUES (2026, 2, 1, 3200.00, 80.00, 256000.00, 20);

INSERT INTO Pago_Trabajadores 
(Anio, Mes, Quincena, Monto_Hora, Horas_Laboradas, Monto_Total, ID_Trabajador)
VALUES (2026, 2, 1, 3200.00, 80.00, 256000.00, 21);

INSERT INTO Pago_Trabajadores 
(Anio, Mes, Quincena, Monto_Hora, Horas_Laboradas, Monto_Total, ID_Trabajador)
VALUES (2026, 2, 1, 3200.00, 80.00, 256000.00, 22);

INSERT INTO Pago_Trabajadores 
(Anio, Mes, Quincena, Monto_Hora, Horas_Laboradas, Monto_Total, ID_Trabajador)
VALUES (2026, 2, 1, 3200.00, 80.00, 256000.00, 23);

INSERT INTO Pago_Trabajadores 
(Anio, Mes, Quincena, Monto_Hora, Horas_Laboradas, Monto_Total, ID_Trabajador)
VALUES (2026, 2, 1, 3200.00, 80.00, 256000.00, 24);

INSERT INTO Pago_Trabajadores 
(Anio, Mes, Quincena, Monto_Hora, Horas_Laboradas, Monto_Total, ID_Trabajador)
VALUES (2026, 2, 1, 3200.00, 80.00, 256000.00, 25);

INSERT INTO Pago_Trabajadores 
(Anio, Mes, Quincena, Monto_Hora, Horas_Laboradas, Monto_Total, ID_Trabajador)
VALUES (2026, 2, 1, 3200.00, 80.00, 256000.00, 26);

INSERT INTO Pago_Trabajadores 
(Anio, Mes, Quincena, Monto_Hora, Horas_Laboradas, Monto_Total, ID_Trabajador)
VALUES (2026, 2, 1, 3200.00, 80.00, 256000.00, 27);

INSERT INTO Pago_Trabajadores 
(Anio, Mes, Quincena, Monto_Hora, Horas_Laboradas, Monto_Total, ID_Trabajador)
VALUES (2026, 2, 1, 3200.00, 80.00, 256000.00, 28);

INSERT INTO Pago_Trabajadores 
(Anio, Mes, Quincena, Monto_Hora, Horas_Laboradas, Monto_Total, ID_Trabajador)
VALUES (2026, 2, 1, 3200.00, 80.00, 256000.00, 29);

INSERT INTO Pago_Trabajadores 
(Anio, Mes, Quincena, Monto_Hora, Horas_Laboradas, Monto_Total, ID_Trabajador)
VALUES (2026, 2, 1, 3200.00, 80.00, 256000.00, 30);

INSERT INTO Pago_Trabajadores 
(Anio, Mes, Quincena, Monto_Hora, Horas_Laboradas, Monto_Total, ID_Trabajador)
VALUES (2026, 2, 1, 3200.00, 80.00, 256000.00, 31);

INSERT INTO Pago_Trabajadores 
(Anio, Mes, Quincena, Monto_Hora, Horas_Laboradas, Monto_Total, ID_Trabajador)
VALUES (2026, 2, 1, 3200.00, 80.00, 256000.00, 32);

INSERT INTO Pago_Trabajadores 
(Anio, Mes, Quincena, Monto_Hora, Horas_Laboradas, Monto_Total, ID_Trabajador)
VALUES (2026, 2, 1, 3200.00, 80.00, 256000.00, 33);

INSERT INTO Pago_Trabajadores 
(Anio, Mes, Quincena, Monto_Hora, Horas_Laboradas, Monto_Total, ID_Trabajador)
VALUES (2026, 2, 1, 3200.00, 80.00, 256000.00, 34);

INSERT INTO Pago_Trabajadores 
(Anio, Mes, Quincena, Monto_Hora, Horas_Laboradas, Monto_Total, ID_Trabajador)
VALUES (2026, 2, 1, 3200.00, 80.00, 256000.00, 35);

INSERT INTO Pago_Trabajadores 
(Anio, Mes, Quincena, Monto_Hora, Horas_Laboradas, Monto_Total, ID_Trabajador)
VALUES (2026, 2, 1, 3200.00, 80.00, 256000.00, 36);

INSERT INTO Pago_Trabajadores 
(Anio, Mes, Quincena, Monto_Hora, Horas_Laboradas, Monto_Total, ID_Trabajador)
VALUES (2026, 2, 1, 3200.00, 80.00, 256000.00, 37);

INSERT INTO Pago_Trabajadores 
(Anio, Mes, Quincena, Monto_Hora, Horas_Laboradas, Monto_Total, ID_Trabajador)
VALUES (2026, 2, 1, 3200.00, 80.00, 256000.00, 38);

INSERT INTO Pago_Trabajadores 
(Anio, Mes, Quincena, Monto_Hora, Horas_Laboradas, Monto_Total, ID_Trabajador)
VALUES (2026, 2, 1, 3200.00, 80.00, 256000.00, 39);

INSERT INTO Pago_Trabajadores 
(Anio, Mes, Quincena, Monto_Hora, Horas_Laboradas, Monto_Total, ID_Trabajador)
VALUES (2026, 2, 1, 3200.00, 80.00, 256000.00, 40);

INSERT INTO Pago_Trabajadores 
(Anio, Mes, Quincena, Monto_Hora, Horas_Laboradas, Monto_Total, ID_Trabajador)
VALUES (2026, 2, 1, 3200.00, 80.00, 256000.00, 41);

INSERT INTO Pago_Trabajadores 
(Anio, Mes, Quincena, Monto_Hora, Horas_Laboradas, Monto_Total, ID_Trabajador)
VALUES (2026, 2, 1, 3200.00, 80.00, 256000.00, 42);

INSERT INTO Pago_Trabajadores 
(Anio, Mes, Quincena, Monto_Hora, Horas_Laboradas, Monto_Total, ID_Trabajador)
VALUES (2026, 2, 1, 3200.00, 80.00, 256000.00, 43);

INSERT INTO Pago_Trabajadores 
(Anio, Mes, Quincena, Monto_Hora, Horas_Laboradas, Monto_Total, ID_Trabajador)
VALUES (2026, 2, 1, 3200.00, 80.00, 256000.00, 44);

INSERT INTO Pago_Trabajadores 
(Anio, Mes, Quincena, Monto_Hora, Horas_Laboradas, Monto_Total, ID_Trabajador)
VALUES (2026, 2, 1, 3200.00, 80.00, 256000.00, 45);

INSERT INTO Pago_Trabajadores 
(Anio, Mes, Quincena, Monto_Hora, Horas_Laboradas, Monto_Total, ID_Trabajador)
VALUES (2026, 2, 1, 3200.00, 80.00, 256000.00, 46);

INSERT INTO Pago_Trabajadores 
(Anio, Mes, Quincena, Monto_Hora, Horas_Laboradas, Monto_Total, ID_Trabajador)
VALUES (2026, 2, 1, 3200.00, 80.00, 256000.00, 47);

INSERT INTO Pago_Trabajadores 
(Anio, Mes, Quincena, Monto_Hora, Horas_Laboradas, Monto_Total, ID_Trabajador)
VALUES (2026, 2, 1, 3200.00, 80.00, 256000.00, 48);

INSERT INTO Pago_Trabajadores 
(Anio, Mes, Quincena, Monto_Hora, Horas_Laboradas, Monto_Total, ID_Trabajador)
VALUES (2026, 2, 1, 3200.00, 80.00, 256000.00, 49);

INSERT INTO Pago_Trabajadores 
(Anio, Mes, Quincena, Monto_Hora, Horas_Laboradas, Monto_Total, ID_Trabajador)
VALUES (2026, 2, 1, 3200.00, 80.00, 256000.00, 50);

COMMIT;
SELECT * FROM Pago_Trabajadores;

--PRODUCTOS
INSERT INTO Productos (Nombre, Descripcion, Precio_Venta, Precio_Costo, Fecha_Ultima_Entrada, ID_Proveedor, ID_Categoria)
VALUES ('Aceite Motul 5W-30 1L', 'Aceite sintético para motor', 2500.00, 1800.00, DATE '2026-01-15', 1, 1);

INSERT INTO Productos (Nombre, Descripcion, Precio_Venta, Precio_Costo, Fecha_Ultima_Entrada, ID_Proveedor, ID_Categoria)
VALUES ('Aceite Castrol GTX 10W-40 1L', 'Aceite semisintético para motor', 2850.00, 2050.00, DATE '2026-01-16', 2, 1);

INSERT INTO Productos (Nombre, Descripcion, Precio_Venta, Precio_Costo, Fecha_Ultima_Entrada, ID_Proveedor, ID_Categoria)
VALUES ('Aceite Shell Helix Ultra 5W-40 1L', 'Aceite sintético premium', 3200.00, 2300.00, DATE '2026-01-17', 3, 1);

INSERT INTO Productos (Nombre, Descripcion, Precio_Venta, Precio_Costo, Fecha_Ultima_Entrada, ID_Proveedor, ID_Categoria)
VALUES ('Aceite Valvoline 20W-50 1L', 'Aceite mineral para motor', 2400.00, 1700.00, DATE '2026-01-18', 4, 1);

INSERT INTO Productos (Nombre, Descripcion, Precio_Venta, Precio_Costo, Fecha_Ultima_Entrada, ID_Proveedor, ID_Categoria)
VALUES ('Aceite Mobil 1 0W-20 1L', 'Aceite sintético alto rendimiento', 3550.00, 2550.00, DATE '2026-01-19', 10, 1);

INSERT INTO Productos (Nombre, Descripcion, Precio_Venta, Precio_Costo, Fecha_Ultima_Entrada, ID_Proveedor, ID_Categoria)
VALUES ('Aceite Motul 8100 X-clean 5W-40 4L', 'Aceite sintético (galón 4L)', 11800.00, 8800.00, DATE '2026-01-20', 1, 1);

INSERT INTO Productos (Nombre, Descripcion, Precio_Venta, Precio_Costo, Fecha_Ultima_Entrada, ID_Proveedor, ID_Categoria)
VALUES ('Aceite Castrol Magnatec 5W-30 4L', 'Aceite sintético con protección extra (4L)', 11200.00, 8200.00, DATE '2026-01-21', 2, 1);

INSERT INTO Productos (Nombre, Descripcion, Precio_Venta, Precio_Costo, Fecha_Ultima_Entrada, ID_Proveedor, ID_Categoria)
VALUES ('Aceite Shell Helix HX7 10W-40 4L', 'Aceite semisintético (4L)', 10500.00, 7700.00, DATE '2026-01-22', 4, 1);

INSERT INTO Productos (Nombre, Descripcion, Precio_Venta, Precio_Costo, Fecha_Ultima_Entrada, ID_Proveedor, ID_Categoria)
VALUES ('Aceite Valvoline SynPower 5W-30 4L', 'Aceite sintético (4L)', 11500.00, 8450.00, DATE '2026-01-23', 4, 1);

INSERT INTO Productos (Nombre, Descripcion, Precio_Venta, Precio_Costo, Fecha_Ultima_Entrada, ID_Proveedor, ID_Categoria)
VALUES ('Aceite Mobil Super 2000 10W-40 4L', 'Aceite semisintético (4L)', 10800.00, 7900.00, DATE '2026-01-24', 9, 1);


INSERT INTO Productos (Nombre, Descripcion, Precio_Venta, Precio_Costo, Fecha_Ultima_Entrada, ID_Proveedor, ID_Categoria)
VALUES ('Filtro de Aceite MANN W 610/3', 'Filtro de aceite para motor', 3900.00, 2800.00, DATE '2026-01-25', 6, 2);

INSERT INTO Productos (Nombre, Descripcion, Precio_Venta, Precio_Costo, Fecha_Ultima_Entrada, ID_Proveedor, ID_Categoria)
VALUES ('Filtro de Aire FRAM CA10242', 'Filtro de aire para motor', 4250.00, 3060.00, DATE '2026-01-26', 8, 2);

INSERT INTO Productos (Nombre, Descripcion, Precio_Venta, Precio_Costo, Fecha_Ultima_Entrada, ID_Proveedor, ID_Categoria)
VALUES ('Filtro de Cabina MANN CU 26004', 'Filtro de polen/cabina', 4800.00, 3450.00, DATE '2026-01-27', 6, 2);

INSERT INTO Productos (Nombre, Descripcion, Precio_Venta, Precio_Costo, Fecha_Ultima_Entrada, ID_Proveedor, ID_Categoria)
VALUES ('Filtro de Combustible Bosch N2040', 'Filtro de gasolina/diésel', 5200.00, 3780.00, DATE '2026-01-28', 7, 2);

INSERT INTO Productos (Nombre, Descripcion, Precio_Venta, Precio_Costo, Fecha_Ultima_Entrada, ID_Proveedor, ID_Categoria)
VALUES ('Filtro de Aceite FRAM PH7317', 'Filtro de aceite para motor', 4100.00, 2950.00, DATE '2026-01-29', 8, 2);

INSERT INTO Productos (Nombre, Descripcion, Precio_Venta, Precio_Costo, Fecha_Ultima_Entrada, ID_Proveedor, ID_Categoria)
VALUES ('Filtro de Aire MANN C 30005', 'Filtro de aire para motor', 4500.00, 3240.00, DATE '2026-01-30', 6, 2);


INSERT INTO Productos (Nombre, Descripcion, Precio_Venta, Precio_Costo, Fecha_Ultima_Entrada, ID_Proveedor, ID_Categoria)
VALUES ('Liqui Moly Limpiador de Inyectores 300ml', 'Aditivo para limpiar inyectores', 4600.00, 3310.00, DATE '2026-02-01', 10, 3);

INSERT INTO Productos (Nombre, Descripcion, Precio_Venta, Precio_Costo, Fecha_Ultima_Entrada, ID_Proveedor, ID_Categoria)
VALUES ('Liqui Moly Aditivo Octanaje Booster 150ml', 'Mejorador de octanaje', 5200.00, 3750.00, DATE '2026-02-02', 10, 3);

INSERT INTO Productos (Nombre, Descripcion, Precio_Venta, Precio_Costo, Fecha_Ultima_Entrada, ID_Proveedor, ID_Categoria)
VALUES ('Liqui Moly Tratamiento Motor Oil Additive 200ml', 'Reduce fricción y desgaste', 5400.00, 3900.00, DATE '2026-02-03', 10, 3);

INSERT INTO Productos (Nombre, Descripcion, Precio_Venta, Precio_Costo, Fecha_Ultima_Entrada, ID_Proveedor, ID_Categoria)
VALUES ('Liqui Moly Limpia Radiador 300ml', 'Aditivo para limpiar sistema de enfriamiento', 4900.00, 3520.00, DATE '2026-02-04', 10, 3);

INSERT INTO Productos (Nombre, Descripcion, Precio_Venta, Precio_Costo, Fecha_Ultima_Entrada, ID_Proveedor, ID_Categoria)
VALUES ('Aditivo Motul Fuel System Clean 300ml', 'Limpieza del sistema de combustible', 5100.00, 3680.00, DATE '2026-02-05', 1, 3);


INSERT INTO Productos (Nombre, Descripcion, Precio_Venta, Precio_Costo, Fecha_Ultima_Entrada, ID_Proveedor, ID_Categoria)
VALUES ('Refrigerante TotalEnergies Verde 1L', 'Refrigerante listo para usar', 4950.00, 3560.00, DATE '2026-02-06', 5, 4);

INSERT INTO Productos (Nombre, Descripcion, Precio_Venta, Precio_Costo, Fecha_Ultima_Entrada, ID_Proveedor, ID_Categoria)
VALUES ('Refrigerante TotalEnergies Rojo 1L', 'Refrigerante larga duración', 5200.00, 3740.00, DATE '2026-02-07', 5, 4);

INSERT INTO Productos (Nombre, Descripcion, Precio_Venta, Precio_Costo, Fecha_Ultima_Entrada, ID_Proveedor, ID_Categoria)
VALUES ('Refrigerante TotalEnergies Verde 4L', 'Refrigerante listo para usar (4L)', 16500.00, 12400.00, DATE '2026-02-08', 5, 4);

INSERT INTO Productos (Nombre, Descripcion, Precio_Venta, Precio_Costo, Fecha_Ultima_Entrada, ID_Proveedor, ID_Categoria)
VALUES ('Refrigerante TotalEnergies Concentrado 1L', 'Concentrado para mezcla', 5400.00, 3950.00, DATE '2026-02-09', 5, 4);


INSERT INTO Productos (Nombre, Descripcion, Precio_Venta, Precio_Costo, Fecha_Ultima_Entrada, ID_Proveedor, ID_Categoria)
VALUES ('Bosch Limpiador de Frenos 500ml', 'Limpia grasa/polvo en discos y pastillas', 5300.00, 3810.00, DATE '2026-02-10', 7, 5);

INSERT INTO Productos (Nombre, Descripcion, Precio_Venta, Precio_Costo, Fecha_Ultima_Entrada, ID_Proveedor, ID_Categoria)
VALUES ('Liquido de Frenos DOT 4 Castrol 355ml', 'Fluido DOT 4 para sistema de frenos', 4200.00, 3000.00, DATE '2026-02-11', 2, 5);

INSERT INTO Productos (Nombre, Descripcion, Precio_Venta, Precio_Costo, Fecha_Ultima_Entrada, ID_Proveedor, ID_Categoria)
VALUES ('Liquido de Frenos DOT 3 Valvoline 355ml', 'Fluido DOT 3 para frenos', 3900.00, 2750.00, DATE '2026-02-12', 4, 5);

INSERT INTO Productos (Nombre, Descripcion, Precio_Venta, Precio_Costo, Fecha_Ultima_Entrada, ID_Proveedor, ID_Categoria)
VALUES ('Grasa para Caliper Bosch 70g', 'Lubricante para componentes de freno', 3600.00, 2500.00, DATE '2026-02-13', 7, 5);

INSERT INTO Productos (Nombre, Descripcion, Precio_Venta, Precio_Costo, Fecha_Ultima_Entrada, ID_Proveedor, ID_Categoria)
VALUES ('Spray Antichirrido Liqui Moly 400ml', 'Reduce chirridos en frenos', 5900.00, 4300.00, DATE '2026-02-14', 10, 5);


INSERT INTO Productos (Nombre, Descripcion, Precio_Venta, Precio_Costo, Fecha_Ultima_Entrada, ID_Proveedor, ID_Categoria)
VALUES ('Bosch Limpiador Multiuso 500ml', 'Limpieza general de partes automotrices', 5600.00, 4030.00, DATE '2026-02-15', 7, 6);

INSERT INTO Productos (Nombre, Descripcion, Precio_Venta, Precio_Costo, Fecha_Ultima_Entrada, ID_Proveedor, ID_Categoria)
VALUES ('Liqui Moly Limpia Contactos 200ml', 'Spray para limpieza de contactos eléctricos', 6100.00, 4500.00, DATE '2026-02-16', 10, 6);

INSERT INTO Productos (Nombre, Descripcion, Precio_Venta, Precio_Costo, Fecha_Ultima_Entrada, ID_Proveedor, ID_Categoria)
VALUES ('Liqui Moly Espuma Limpia Tapiceria 400ml', 'Espuma para limpieza interior', 6500.00, 4800.00, DATE '2026-02-17', 10, 6);

INSERT INTO Productos (Nombre, Descripcion, Precio_Venta, Precio_Costo, Fecha_Ultima_Entrada, ID_Proveedor, ID_Categoria)
VALUES ('Bosch Shampoo Automotriz 1L', 'Shampoo para carrocería', 4800.00, 3450.00, DATE '2026-02-18', 7, 6);

INSERT INTO Productos (Nombre, Descripcion, Precio_Venta, Precio_Costo, Fecha_Ultima_Entrada, ID_Proveedor, ID_Categoria)
VALUES ('Desengrasante Motul Engine Clean 300ml', 'Desengrasante para motor', 5700.00, 4150.00, DATE '2026-02-19', 1, 6);

INSERT INTO Productos (Nombre, Descripcion, Precio_Venta, Precio_Costo, Fecha_Ultima_Entrada, ID_Proveedor, ID_Categoria)
VALUES ('Bosch Bujía Iridium (unidad)', 'Bujía de alto desempeño', 5650.00, 4060.00, DATE '2026-02-20', 7, 7);

INSERT INTO Productos (Nombre, Descripcion, Precio_Venta, Precio_Costo, Fecha_Ultima_Entrada, ID_Proveedor, ID_Categoria)
VALUES ('Cable de Bujía Bosch Juego x4', 'Juego de cables de bujía', 14500.00, 10800.00, DATE '2026-02-21', 7, 7);

INSERT INTO Productos (Nombre, Descripcion, Precio_Venta, Precio_Costo, Fecha_Ultima_Entrada, ID_Proveedor, ID_Categoria)
VALUES ('Plumillas Bosch Aerotwin 24"', 'Escobilla limpiaparabrisas', 9800.00, 7200.00, DATE '2026-02-22', 7, 7);

INSERT INTO Productos (Nombre, Descripcion, Precio_Venta, Precio_Costo, Fecha_Ultima_Entrada, ID_Proveedor, ID_Categoria)
VALUES ('Plumillas Bosch Aerotwin 18"', 'Escobilla limpiaparabrisas', 9200.00, 6800.00, DATE '2026-02-23', 7, 7);

INSERT INTO Productos (Nombre, Descripcion, Precio_Venta, Precio_Costo, Fecha_Ultima_Entrada, ID_Proveedor, ID_Categoria)
VALUES ('Botella Mezcladora Refrigerante 1L', 'Botella para mezcla y relleno', 2500.00, 1600.00, DATE '2026-02-24', 5, 7);


INSERT INTO Productos (Nombre, Descripcion, Precio_Venta, Precio_Costo, Fecha_Ultima_Entrada, ID_Proveedor, ID_Categoria)
VALUES ('Bombillo H4 Bosch 60/55W', 'Bombillo halógeno H4', 3200.00, 2100.00, DATE '2026-02-25', 7, 8);

INSERT INTO Productos (Nombre, Descripcion, Precio_Venta, Precio_Costo, Fecha_Ultima_Entrada, ID_Proveedor, ID_Categoria)
VALUES ('Bombillo H7 Bosch 55W', 'Bombillo halógeno H7', 3400.00, 2250.00, DATE '2026-02-26', 7, 8);

INSERT INTO Productos (Nombre, Descripcion, Precio_Venta, Precio_Costo, Fecha_Ultima_Entrada, ID_Proveedor, ID_Categoria)
VALUES ('Bombillo P21W Bosch (unidad)', 'Bombillo direccional/stop P21W', 1500.00, 900.00, DATE '2026-02-27', 7, 8);

INSERT INTO Productos (Nombre, Descripcion, Precio_Venta, Precio_Costo, Fecha_Ultima_Entrada, ID_Proveedor, ID_Categoria)
VALUES ('Luz LED Interior 12V Bosch', 'Luz LED para cabina', 2800.00, 1700.00, DATE '2026-02-28', 7, 8);


INSERT INTO Productos (Nombre, Descripcion, Precio_Venta, Precio_Costo, Fecha_Ultima_Entrada, ID_Proveedor, ID_Categoria)
VALUES ('Neumático 195/65R15 Touring', 'Llanta para sedán (touring)', 42000.00, 33500.00, DATE '2026-03-01', 7, 9);

INSERT INTO Productos (Nombre, Descripcion, Precio_Venta, Precio_Costo, Fecha_Ultima_Entrada, ID_Proveedor, ID_Categoria)
VALUES ('Neumático 205/55R16 Sport', 'Llanta para sedán (sport)', 47000.00, 37800.00, DATE '2026-03-02', 7, 9);

INSERT INTO Productos (Nombre, Descripcion, Precio_Venta, Precio_Costo, Fecha_Ultima_Entrada, ID_Proveedor, ID_Categoria)
VALUES ('Neumático 215/60R16 SUV', 'Llanta para SUV', 52000.00, 41800.00, DATE '2026-03-03', 7, 9);

INSERT INTO Productos (Nombre, Descripcion, Precio_Venta, Precio_Costo, Fecha_Ultima_Entrada, ID_Proveedor, ID_Categoria)
VALUES ('Neumático 225/45R17 Performance', 'Llanta alto desempeño', 58500.00, 47200.00, DATE '2026-03-04', 7, 9);

INSERT INTO Productos (Nombre, Descripcion, Precio_Venta, Precio_Costo, Fecha_Ultima_Entrada, ID_Proveedor, ID_Categoria)
VALUES ('Neumático 265/70R16 All Terrain', 'Llanta todo terreno', 69000.00, 56000.00, DATE '2026-03-05', 7, 9);


INSERT INTO Productos (Nombre, Descripcion, Precio_Venta, Precio_Costo, Fecha_Ultima_Entrada, ID_Proveedor, ID_Categoria)
VALUES ('Juego de Llaves Combinadas 8-19mm', 'Set de llaves para mecánica', 18500.00, 14000.00, DATE '2026-03-06', 7, 9);

INSERT INTO Productos (Nombre, Descripcion, Precio_Venta, Precio_Costo, Fecha_Ultima_Entrada, ID_Proveedor, ID_Categoria)
VALUES ('Ratchet 1/2" con Dados 10-24mm', 'Juego de ratchet y dados', 26500.00, 20500.00, DATE '2026-03-07', 7, 9);

INSERT INTO Productos (Nombre, Descripcion, Precio_Venta, Precio_Costo, Fecha_Ultima_Entrada, ID_Proveedor, ID_Categoria)
VALUES ('Gato Hidráulico 2 Toneladas', 'Gato para levantamiento de vehículo', 32000.00, 25500.00, DATE '2026-03-08', 7, 9);

INSERT INTO Productos (Nombre, Descripcion, Precio_Venta, Precio_Costo, Fecha_Ultima_Entrada, ID_Proveedor, ID_Categoria)
VALUES ('Llave de Rueda Cruz 14-17-19-21mm', 'Llave cruz para cambio de llanta', 8500.00, 6200.00, DATE '2026-03-09', 7, 9);

INSERT INTO Productos (Nombre, Descripcion, Precio_Venta, Precio_Costo, Fecha_Ultima_Entrada, ID_Proveedor, ID_Categoria)
VALUES ('Torquímetro 1/2" 28-210 Nm', 'Herramienta para torque preciso', 39500.00, 31800.00, DATE '2026-03-10', 7, 9);


INSERT INTO Productos (Nombre, Descripcion, Precio_Venta, Precio_Costo, Fecha_Ultima_Entrada, ID_Proveedor, ID_Categoria)
VALUES ('Aceite Motul 10W-40 1L', 'Aceite semisintético para motor', 2600.00, 1870.00, DATE '2026-03-11', 1, 1);

INSERT INTO Productos (Nombre, Descripcion, Precio_Venta, Precio_Costo, Fecha_Ultima_Entrada, ID_Proveedor, ID_Categoria)
VALUES ('Aceite Castrol Edge 0W-30 1L', 'Aceite sintético premium', 3950.00, 2870.00, DATE '2026-03-12', 2, 1);

INSERT INTO Productos (Nombre, Descripcion, Precio_Venta, Precio_Costo, Fecha_Ultima_Entrada, ID_Proveedor, ID_Categoria)
VALUES ('Aceite Shell Helix 0W-20 1L', 'Aceite sintético para motores modernos', 3800.00, 2750.00, DATE '2026-03-13', 3, 1);


INSERT INTO Productos (Nombre, Descripcion, Precio_Venta, Precio_Costo, Fecha_Ultima_Entrada, ID_Proveedor, ID_Categoria)
VALUES ('Filtro de Cabina FRAM CF10134', 'Filtro de cabina', 4700.00, 3350.00, DATE '2026-03-14', 8, 2);

INSERT INTO Productos (Nombre, Descripcion, Precio_Venta, Precio_Costo, Fecha_Ultima_Entrada, ID_Proveedor, ID_Categoria)
VALUES ('Filtro de Combustible MANN WK 820/17', 'Filtro de combustible', 5600.00, 4100.00, DATE '2026-03-15', 6, 2);


INSERT INTO Productos (Nombre, Descripcion, Precio_Venta, Precio_Costo, Fecha_Ultima_Entrada, ID_Proveedor, ID_Categoria)
VALUES ('Liqui Moly Sellador de Fugas Radiador 250ml', 'Sella microfugas del radiador', 6200.00, 4600.00, DATE '2026-03-16', 8, 3);


INSERT INTO Productos (Nombre, Descripcion, Precio_Venta, Precio_Costo, Fecha_Ultima_Entrada, ID_Proveedor, ID_Categoria)
VALUES ('Refrigerante TotalEnergies Rojo 4L', 'Refrigerante larga duración (4L)', 17800.00, 13400.00, DATE '2026-03-17', 5, 4);

INSERT INTO Productos (Nombre, Descripcion, Precio_Venta, Precio_Costo, Fecha_Ultima_Entrada, ID_Proveedor, ID_Categoria)
VALUES ('Liquido de Frenos DOT 4 Motul 500ml', 'Fluido DOT 4 alto desempeño', 5900.00, 4350.00, DATE '2026-03-18', 1, 5);

INSERT INTO Productos (Nombre, Descripcion, Precio_Venta, Precio_Costo, Fecha_Ultima_Entrada, ID_Proveedor, ID_Categoria)
VALUES ('Liqui Moly Limpia Carburador 500ml', 'Spray para limpieza de carburador/cuerpo', 6800.00, 5050.00, DATE '2026-03-19', 4, 6);


INSERT INTO Productos (Nombre, Descripcion, Precio_Venta, Precio_Costo, Fecha_Ultima_Entrada, ID_Proveedor, ID_Categoria)
VALUES ('Bosch Batería 12V 60Ah', 'Batería para vehículo liviano', 62000.00, 50500.00, DATE '2026-03-20', 7, 7);


INSERT INTO Productos (Nombre, Descripcion, Precio_Venta, Precio_Costo, Fecha_Ultima_Entrada, ID_Proveedor, ID_Categoria)
VALUES ('Bombillo W5W Bosch (unidad)', 'Bombillo posición W5W', 1200.00, 700.00, DATE '2026-03-21', 7, 8);

INSERT INTO Productos (Nombre, Descripcion, Precio_Venta, Precio_Costo, Fecha_Ultima_Entrada, ID_Proveedor, ID_Categoria)
VALUES ('Neumático 175/70R13 Económico', 'Llanta para compacto', 35500.00, 27800.00, DATE '2026-03-22', 7, 8);

INSERT INTO Productos (Nombre, Descripcion, Precio_Venta, Precio_Costo, Fecha_Ultima_Entrada, ID_Proveedor, ID_Categoria)
VALUES ('Compresor Portátil 12V', 'Compresor para inflar llantas', 24000.00, 18500.00, DATE '2026-03-23', 7, 8);

COMMIT;
SELECT * FROM PRODUCTOS;
SELECT * FROM PROVEEDORES;
SELECT * FROM Categoria;

---Productos_sucursales
INSERT INTO Productos_Sucursales (Cantidad, ID_Sucursal, ID_Producto) VALUES (8, 1, 1);
INSERT INTO Productos_Sucursales (Cantidad, ID_Sucursal, ID_Producto) VALUES (8, 1, 2);
INSERT INTO Productos_Sucursales (Cantidad, ID_Sucursal, ID_Producto) VALUES (8, 1, 3);
INSERT INTO Productos_Sucursales (Cantidad, ID_Sucursal, ID_Producto) VALUES (8, 1, 4);
INSERT INTO Productos_Sucursales (Cantidad, ID_Sucursal, ID_Producto) VALUES (8, 1, 5);
INSERT INTO Productos_Sucursales (Cantidad, ID_Sucursal, ID_Producto) VALUES (8, 1, 6);
INSERT INTO Productos_Sucursales (Cantidad, ID_Sucursal, ID_Producto) VALUES (8, 1, 7);
INSERT INTO Productos_Sucursales (Cantidad, ID_Sucursal, ID_Producto) VALUES (8, 1, 8);
INSERT INTO Productos_Sucursales (Cantidad, ID_Sucursal, ID_Producto) VALUES (8, 1, 9);
INSERT INTO Productos_Sucursales (Cantidad, ID_Sucursal, ID_Producto) VALUES (8, 1, 10);
INSERT INTO Productos_Sucursales (Cantidad, ID_Sucursal, ID_Producto) VALUES (8, 1, 11);
INSERT INTO Productos_Sucursales (Cantidad, ID_Sucursal, ID_Producto) VALUES (8, 1, 12);
INSERT INTO Productos_Sucursales (Cantidad, ID_Sucursal, ID_Producto) VALUES (8, 1, 13);
INSERT INTO Productos_Sucursales (Cantidad, ID_Sucursal, ID_Producto) VALUES (8, 1, 14);
INSERT INTO Productos_Sucursales (Cantidad, ID_Sucursal, ID_Producto) VALUES (8, 1, 15);
INSERT INTO Productos_Sucursales (Cantidad, ID_Sucursal, ID_Producto) VALUES (8, 1, 16);

INSERT INTO Productos_Sucursales (Cantidad, ID_Sucursal, ID_Producto) VALUES (8, 1, 21);
INSERT INTO Productos_Sucursales (Cantidad, ID_Sucursal, ID_Producto) VALUES (8, 1, 22);
INSERT INTO Productos_Sucursales (Cantidad, ID_Sucursal, ID_Producto) VALUES (8, 1, 23);
INSERT INTO Productos_Sucursales (Cantidad, ID_Sucursal, ID_Producto) VALUES (8, 1, 24);
INSERT INTO Productos_Sucursales (Cantidad, ID_Sucursal, ID_Producto) VALUES (8, 1, 25);
INSERT INTO Productos_Sucursales (Cantidad, ID_Sucursal, ID_Producto) VALUES (8, 1, 26);
INSERT INTO Productos_Sucursales (Cantidad, ID_Sucursal, ID_Producto) VALUES (8, 1, 27);
INSERT INTO Productos_Sucursales (Cantidad, ID_Sucursal, ID_Producto) VALUES (8, 1, 28);
INSERT INTO Productos_Sucursales (Cantidad, ID_Sucursal, ID_Producto) VALUES (8, 1, 29);

INSERT INTO Productos_Sucursales (Cantidad, ID_Sucursal, ID_Producto) VALUES (8, 1, 31);
INSERT INTO Productos_Sucursales (Cantidad, ID_Sucursal, ID_Producto) VALUES (8, 1, 34);
INSERT INTO Productos_Sucursales (Cantidad, ID_Sucursal, ID_Producto) VALUES (8, 1, 35);
INSERT INTO Productos_Sucursales (Cantidad, ID_Sucursal, ID_Producto) VALUES (8, 1, 36);
INSERT INTO Productos_Sucursales (Cantidad, ID_Sucursal, ID_Producto) VALUES (8, 1, 37);
INSERT INTO Productos_Sucursales (Cantidad, ID_Sucursal, ID_Producto) VALUES (8, 1, 38);
INSERT INTO Productos_Sucursales (Cantidad, ID_Sucursal, ID_Producto) VALUES (8, 1, 39);
INSERT INTO Productos_Sucursales (Cantidad, ID_Sucursal, ID_Producto) VALUES (8, 1, 40);
INSERT INTO Productos_Sucursales (Cantidad, ID_Sucursal, ID_Producto) VALUES (8, 1, 41);
INSERT INTO Productos_Sucursales (Cantidad, ID_Sucursal, ID_Producto) VALUES (8, 1, 42);
INSERT INTO Productos_Sucursales (Cantidad, ID_Sucursal, ID_Producto) VALUES (8, 1, 43);
INSERT INTO Productos_Sucursales (Cantidad, ID_Sucursal, ID_Producto) VALUES (8, 1, 44);
INSERT INTO Productos_Sucursales (Cantidad, ID_Sucursal, ID_Producto) VALUES (8, 1, 45);
INSERT INTO Productos_Sucursales (Cantidad, ID_Sucursal, ID_Producto) VALUES (8, 1, 46);
INSERT INTO Productos_Sucursales (Cantidad, ID_Sucursal, ID_Producto) VALUES (8, 1, 47);
INSERT INTO Productos_Sucursales (Cantidad, ID_Sucursal, ID_Producto) VALUES (8, 1, 48);
INSERT INTO Productos_Sucursales (Cantidad, ID_Sucursal, ID_Producto) VALUES (8, 1, 49);

INSERT INTO Productos_Sucursales (Cantidad, ID_Sucursal, ID_Producto) VALUES (8, 1, 55);
INSERT INTO Productos_Sucursales (Cantidad, ID_Sucursal, ID_Producto) VALUES (8, 1, 56);
INSERT INTO Productos_Sucursales (Cantidad, ID_Sucursal, ID_Producto) VALUES (8, 1, 57);
INSERT INTO Productos_Sucursales (Cantidad, ID_Sucursal, ID_Producto) VALUES (8, 1, 58);
INSERT INTO Productos_Sucursales (Cantidad, ID_Sucursal, ID_Producto) VALUES (8, 1, 59);

INSERT INTO Productos_Sucursales (Cantidad, ID_Sucursal, ID_Producto) VALUES (8, 1, 61);
INSERT INTO Productos_Sucursales (Cantidad, ID_Sucursal, ID_Producto) VALUES (8, 1, 62);
INSERT INTO Productos_Sucursales (Cantidad, ID_Sucursal, ID_Producto) VALUES (8, 1, 64);
INSERT INTO Productos_Sucursales (Cantidad, ID_Sucursal, ID_Producto) VALUES (8, 1, 65);
INSERT INTO Productos_Sucursales (Cantidad, ID_Sucursal, ID_Producto) VALUES (8, 1, 66);

COMMIT;
SELECT * FROM PRODUCTOS_SUCURSALES;

--VENTAS

SELECT * FROM TIPO_PAGOS;

INSERT INTO Ventas (Fecha_Hora, Total, Cedula, ID_Trabajador, ID_Tipo_Pago)
VALUES (TO_TIMESTAMP('2026-02-01 08:15:00','YYYY-MM-DD HH24:MI:SS'), 6000.00, '1-1000-2000', 1, 2);

INSERT INTO Ventas (Fecha_Hora, Total, Cedula, ID_Trabajador, ID_Tipo_Pago)
VALUES (TO_TIMESTAMP('2026-02-01 11:15:00','YYYY-MM-DD HH24:MI:SS'), 6500.00, '2-1001-2001', 3, 1);

INSERT INTO Ventas (Fecha_Hora, Total, Cedula, ID_Trabajador, ID_Tipo_Pago)
VALUES (TO_TIMESTAMP('2026-02-01 14:15:00','YYYY-MM-DD HH24:MI:SS'), 7000.00, '3-1002-2002', 2, 1);

INSERT INTO Ventas (Fecha_Hora, Total, Cedula, ID_Trabajador, ID_Tipo_Pago)
VALUES (TO_TIMESTAMP('2026-02-01 17:15:00','YYYY-MM-DD HH24:MI:SS'), 7500.00, '4-1003-2003', 1, 2);

INSERT INTO Ventas (Fecha_Hora, Total, Cedula, ID_Trabajador, ID_Tipo_Pago)
VALUES (TO_TIMESTAMP('2026-02-01 20:15:00','YYYY-MM-DD HH24:MI:SS'), 8000.00, '5-1004-2004', 5, 1);

INSERT INTO Ventas (Fecha_Hora, Total, Cedula, ID_Trabajador, ID_Tipo_Pago)
VALUES (TO_TIMESTAMP('2026-02-01 23:15:00','YYYY-MM-DD HH24:MI:SS'), 8500.00, '6-1005-2005', 6, 1);

INSERT INTO Ventas (Fecha_Hora, Total, Cedula, ID_Trabajador, ID_Tipo_Pago)
VALUES (TO_TIMESTAMP('2026-02-02 02:15:00','YYYY-MM-DD HH24:MI:SS'), 9000.00, '7-1006-2006', 7, 2);

INSERT INTO Ventas (Fecha_Hora, Total, Cedula, ID_Trabajador, ID_Tipo_Pago)
VALUES (TO_TIMESTAMP('2026-02-02 05:15:00','YYYY-MM-DD HH24:MI:SS'), 9500.00, '1-1007-2007', 10, 1);

INSERT INTO Ventas (Fecha_Hora, Total, Cedula, ID_Trabajador, ID_Tipo_Pago)
VALUES (TO_TIMESTAMP('2026-02-02 08:15:00','YYYY-MM-DD HH24:MI:SS'), 10000.00, '2-1008-2008', 8, 1);

INSERT INTO Ventas (Fecha_Hora, Total, Cedula, ID_Trabajador, ID_Tipo_Pago)
VALUES (TO_TIMESTAMP('2026-02-02 11:15:00','YYYY-MM-DD HH24:MI:SS'), 10500.00, '3-1009-2009', 9, 2);

INSERT INTO Ventas (Fecha_Hora, Total, Cedula, ID_Trabajador, ID_Tipo_Pago)
VALUES (TO_TIMESTAMP('2026-02-02 14:15:00','YYYY-MM-DD HH24:MI:SS'), 11000.00, '4-1010-2010', 11, 1);

INSERT INTO Ventas (Fecha_Hora, Total, Cedula, ID_Trabajador, ID_Tipo_Pago)
VALUES (TO_TIMESTAMP('2026-02-02 17:15:00','YYYY-MM-DD HH24:MI:SS'), 11500.00, '5-1011-2011', 8, 1);

INSERT INTO Ventas (Fecha_Hora, Total, Cedula, ID_Trabajador, ID_Tipo_Pago)
VALUES (TO_TIMESTAMP('2026-02-02 20:15:00','YYYY-MM-DD HH24:MI:SS'), 6000.00, '6-1012-2012', 12, 2);

INSERT INTO Ventas (Fecha_Hora, Total, Cedula, ID_Trabajador, ID_Tipo_Pago)
VALUES (TO_TIMESTAMP('2026-02-02 23:15:00','YYYY-MM-DD HH24:MI:SS'), 6500.00, '7-1013-2013', 13, 1);

INSERT INTO Ventas (Fecha_Hora, Total, Cedula, ID_Trabajador, ID_Tipo_Pago)
VALUES (TO_TIMESTAMP('2026-02-03 02:15:00','YYYY-MM-DD HH24:MI:SS'), 7000.00, '1-1014-2014', 14, 1);

INSERT INTO Ventas (Fecha_Hora, Total, Cedula, ID_Trabajador, ID_Tipo_Pago)
VALUES (TO_TIMESTAMP('2026-02-03 05:15:00','YYYY-MM-DD HH24:MI:SS'), 7500.00, '2-1015-2015', 15, 2);

INSERT INTO Ventas (Fecha_Hora, Total, Cedula, ID_Trabajador, ID_Tipo_Pago)
VALUES (TO_TIMESTAMP('2026-02-03 08:15:00','YYYY-MM-DD HH24:MI:SS'), 8000.00, '3-1016-2016', 16, 1);

INSERT INTO Ventas (Fecha_Hora, Total, Cedula, ID_Trabajador, ID_Tipo_Pago)
VALUES (TO_TIMESTAMP('2026-02-03 11:15:00','YYYY-MM-DD HH24:MI:SS'), 8500.00, '4-1017-2017', 17, 1);

INSERT INTO Ventas (Fecha_Hora, Total, Cedula, ID_Trabajador, ID_Tipo_Pago)
VALUES (TO_TIMESTAMP('2026-02-03 14:15:00','YYYY-MM-DD HH24:MI:SS'), 9000.00, '5-1018-2018', 18, 2);

INSERT INTO Ventas (Fecha_Hora, Total, Cedula, ID_Trabajador, ID_Tipo_Pago)
VALUES (TO_TIMESTAMP('2026-02-03 17:15:00','YYYY-MM-DD HH24:MI:SS'), 9500.00, '6-1019-2019', 20, 1);

INSERT INTO Ventas (Fecha_Hora, Total, Cedula, ID_Trabajador, ID_Tipo_Pago)
VALUES (TO_TIMESTAMP('2026-02-03 20:15:00','YYYY-MM-DD HH24:MI:SS'), 10000.00, '7-1020-2020', 12, 1);

INSERT INTO Ventas (Fecha_Hora, Total, Cedula, ID_Trabajador, ID_Tipo_Pago)
VALUES (TO_TIMESTAMP('2026-02-03 23:15:00','YYYY-MM-DD HH24:MI:SS'), 10500.00, '1-1021-2021', 13, 2);

INSERT INTO Ventas (Fecha_Hora, Total, Cedula, ID_Trabajador, ID_Tipo_Pago)
VALUES (TO_TIMESTAMP('2026-02-04 02:15:00','YYYY-MM-DD HH24:MI:SS'), 11000.00, '2-1022-2022', 21, 1);

INSERT INTO Ventas (Fecha_Hora, Total, Cedula, ID_Trabajador, ID_Tipo_Pago)
VALUES (TO_TIMESTAMP('2026-02-04 05:15:00','YYYY-MM-DD HH24:MI:SS'), 11500.00, '3-1023-2023', 15, 1);

INSERT INTO Ventas (Fecha_Hora, Total, Cedula, ID_Trabajador, ID_Tipo_Pago)
VALUES (TO_TIMESTAMP('2026-02-04 08:15:00','YYYY-MM-DD HH24:MI:SS'), 6000.00, '4-1024-2024', 16, 2);

INSERT INTO Ventas (Fecha_Hora, Total, Cedula, ID_Trabajador, ID_Tipo_Pago)
VALUES (TO_TIMESTAMP('2026-02-04 11:15:00','YYYY-MM-DD HH24:MI:SS'), 6500.00, '5-1025-2025', 17, 1);

INSERT INTO Ventas (Fecha_Hora, Total, Cedula, ID_Trabajador, ID_Tipo_Pago)
VALUES (TO_TIMESTAMP('2026-02-04 14:15:00','YYYY-MM-DD HH24:MI:SS'), 7000.00, '6-1026-2026', 18, 1);

INSERT INTO Ventas (Fecha_Hora, Total, Cedula, ID_Trabajador, ID_Tipo_Pago)
VALUES (TO_TIMESTAMP('2026-02-04 17:15:00','YYYY-MM-DD HH24:MI:SS'), 7500.00, '7-1027-2027', 19, 2);

INSERT INTO Ventas (Fecha_Hora, Total, Cedula, ID_Trabajador, ID_Tipo_Pago)
VALUES (TO_TIMESTAMP('2026-02-04 20:15:00','YYYY-MM-DD HH24:MI:SS'), 8000.00, '1-1028-2028', 20, 1);

INSERT INTO Ventas (Fecha_Hora, Total, Cedula, ID_Trabajador, ID_Tipo_Pago)
VALUES (TO_TIMESTAMP('2026-02-04 23:15:00','YYYY-MM-DD HH24:MI:SS'), 8500.00, '2-1029-2029', 21, 1);

INSERT INTO Ventas (Fecha_Hora, Total, Cedula, ID_Trabajador, ID_Tipo_Pago)
VALUES (TO_TIMESTAMP('2026-02-05 02:15:00','YYYY-MM-DD HH24:MI:SS'), 9000.00, '3-1030-2030', 22, 2);

INSERT INTO Ventas (Fecha_Hora, Total, Cedula, ID_Trabajador, ID_Tipo_Pago)
VALUES (TO_TIMESTAMP('2026-02-05 05:15:00','YYYY-MM-DD HH24:MI:SS'), 9500.00, '4-1031-2031', 23, 1);

INSERT INTO Ventas (Fecha_Hora, Total, Cedula, ID_Trabajador, ID_Tipo_Pago)
VALUES (TO_TIMESTAMP('2026-02-05 08:15:00','YYYY-MM-DD HH24:MI:SS'), 10000.00, '5-1032-2032', 24, 1);

INSERT INTO Ventas (Fecha_Hora, Total, Cedula, ID_Trabajador, ID_Tipo_Pago)
VALUES (TO_TIMESTAMP('2026-02-05 11:15:00','YYYY-MM-DD HH24:MI:SS'), 10500.00, '6-1033-2033', 26, 2);

INSERT INTO Ventas (Fecha_Hora, Total, Cedula, ID_Trabajador, ID_Tipo_Pago)
VALUES (TO_TIMESTAMP('2026-02-05 14:15:00','YYYY-MM-DD HH24:MI:SS'), 11000.00, '7-1034-2034', 27, 1);

INSERT INTO Ventas (Fecha_Hora, Total, Cedula, ID_Trabajador, ID_Tipo_Pago)
VALUES (TO_TIMESTAMP('2026-02-05 17:15:00','YYYY-MM-DD HH24:MI:SS'), 11500.00, '1-1035-2035', 28, 1);

INSERT INTO Ventas (Fecha_Hora, Total, Cedula, ID_Trabajador, ID_Tipo_Pago)
VALUES (TO_TIMESTAMP('2026-02-05 20:15:00','YYYY-MM-DD HH24:MI:SS'), 6000.00, '2-1036-2036', 29, 2);

INSERT INTO Ventas (Fecha_Hora, Total, Cedula, ID_Trabajador, ID_Tipo_Pago)
VALUES (TO_TIMESTAMP('2026-02-05 23:15:00','YYYY-MM-DD HH24:MI:SS'), 6500.00, '3-1037-2037', 30, 1);

INSERT INTO Ventas (Fecha_Hora, Total, Cedula, ID_Trabajador, ID_Tipo_Pago)
VALUES (TO_TIMESTAMP('2026-02-06 02:15:00','YYYY-MM-DD HH24:MI:SS'), 7000.00, '4-1038-2038', 31, 1);

INSERT INTO Ventas (Fecha_Hora, Total, Cedula, ID_Trabajador, ID_Tipo_Pago)
VALUES (TO_TIMESTAMP('2026-02-06 05:15:00','YYYY-MM-DD HH24:MI:SS'), 7500.00, '5-1039-2039', 32, 2);

INSERT INTO Ventas (Fecha_Hora, Total, Cedula, ID_Trabajador, ID_Tipo_Pago)
VALUES (TO_TIMESTAMP('2026-02-06 08:15:00','YYYY-MM-DD HH24:MI:SS'), 8000.00, '6-1040-2040', 33, 1);

INSERT INTO Ventas (Fecha_Hora, Total, Cedula, ID_Trabajador, ID_Tipo_Pago)
VALUES (TO_TIMESTAMP('2026-02-06 11:15:00','YYYY-MM-DD HH24:MI:SS'), 8500.00, '7-1041-2041', 34, 1);

INSERT INTO Ventas (Fecha_Hora, Total, Cedula, ID_Trabajador, ID_Tipo_Pago)
VALUES (TO_TIMESTAMP('2026-02-06 14:15:00','YYYY-MM-DD HH24:MI:SS'), 9000.00, '1-1042-2042', 35, 2);

INSERT INTO Ventas (Fecha_Hora, Total, Cedula, ID_Trabajador, ID_Tipo_Pago)
VALUES (TO_TIMESTAMP('2026-02-06 17:15:00','YYYY-MM-DD HH24:MI:SS'), 9500.00, '2-1043-2043', 37, 1);

INSERT INTO Ventas (Fecha_Hora, Total, Cedula, ID_Trabajador, ID_Tipo_Pago)
VALUES (TO_TIMESTAMP('2026-02-06 20:15:00','YYYY-MM-DD HH24:MI:SS'), 10000.00, '3-1044-2044', 36, 1);

INSERT INTO Ventas (Fecha_Hora, Total, Cedula, ID_Trabajador, ID_Tipo_Pago)
VALUES (TO_TIMESTAMP('2026-02-06 23:15:00','YYYY-MM-DD HH24:MI:SS'), 10500.00, '4-1045-2045', 39, 2);

INSERT INTO Ventas (Fecha_Hora, Total, Cedula, ID_Trabajador, ID_Tipo_Pago)
VALUES (TO_TIMESTAMP('2026-02-07 02:15:00','YYYY-MM-DD HH24:MI:SS'), 11000.00, '5-1046-2046', 40, 1);

INSERT INTO Ventas (Fecha_Hora, Total, Cedula, ID_Trabajador, ID_Tipo_Pago)
VALUES (TO_TIMESTAMP('2026-02-07 05:15:00','YYYY-MM-DD HH24:MI:SS'), 11500.00, '6-1047-2047', 41, 1);

INSERT INTO Ventas (Fecha_Hora, Total, Cedula, ID_Trabajador, ID_Tipo_Pago)
VALUES (TO_TIMESTAMP('2026-02-07 08:15:00','YYYY-MM-DD HH24:MI:SS'), 6000.00, '7-1048-2048', 42, 2);

INSERT INTO Ventas (Fecha_Hora, Total, Cedula, ID_Trabajador, ID_Tipo_Pago)
VALUES (TO_TIMESTAMP('2026-02-07 11:15:00','YYYY-MM-DD HH24:MI:SS'), 6500.00, '1-1049-2049', 43, 1);

COMMIT;
SELECT * FROM productos;
SELECT * FROM Ventas;

SELECT * FROM Productos_Ventas;

--PRODUCTOS_VENTAS
INSERT INTO Productos_Ventas (Cantidad, ID_Producto, ID_Venta) VALUES (1, 1, 4);
INSERT INTO Productos_Ventas (Cantidad, ID_Producto, ID_Venta) VALUES (2, 2, 5);
INSERT INTO Productos_Ventas (Cantidad, ID_Producto, ID_Venta) VALUES (1, 3, 6);
INSERT INTO Productos_Ventas (Cantidad, ID_Producto, ID_Venta) VALUES (2, 4, 7);
INSERT INTO Productos_Ventas (Cantidad, ID_Producto, ID_Venta) VALUES (1, 5, 8);
INSERT INTO Productos_Ventas (Cantidad, ID_Producto, ID_Venta) VALUES (2, 6, 9);
INSERT INTO Productos_Ventas (Cantidad, ID_Producto, ID_Venta) VALUES (1, 7, 10);
INSERT INTO Productos_Ventas (Cantidad, ID_Producto, ID_Venta) VALUES (2, 8, 11);
INSERT INTO Productos_Ventas (Cantidad, ID_Producto, ID_Venta) VALUES (1, 9, 12);
INSERT INTO Productos_Ventas (Cantidad, ID_Producto, ID_Venta) VALUES (2, 10, 13);

INSERT INTO Productos_Ventas (Cantidad, ID_Producto, ID_Venta) VALUES (1, 11, 14);
INSERT INTO Productos_Ventas (Cantidad, ID_Producto, ID_Venta) VALUES (2, 12, 15);
INSERT INTO Productos_Ventas (Cantidad, ID_Producto, ID_Venta) VALUES (1, 13, 16);
INSERT INTO Productos_Ventas (Cantidad, ID_Producto, ID_Venta) VALUES (2, 14, 17);
INSERT INTO Productos_Ventas (Cantidad, ID_Producto, ID_Venta) VALUES (1, 15, 18);
INSERT INTO Productos_Ventas (Cantidad, ID_Producto, ID_Venta) VALUES (2, 16, 19);
INSERT INTO Productos_Ventas (Cantidad, ID_Producto, ID_Venta) VALUES (1, 21, 20);
INSERT INTO Productos_Ventas (Cantidad, ID_Producto, ID_Venta) VALUES (2, 22, 21);
INSERT INTO Productos_Ventas (Cantidad, ID_Producto, ID_Venta) VALUES (1, 23, 22);
INSERT INTO Productos_Ventas (Cantidad, ID_Producto, ID_Venta) VALUES (2, 24, 23);

INSERT INTO Productos_Ventas (Cantidad, ID_Producto, ID_Venta) VALUES (1, 25, 24);
INSERT INTO Productos_Ventas (Cantidad, ID_Producto, ID_Venta) VALUES (2, 26, 25);
INSERT INTO Productos_Ventas (Cantidad, ID_Producto, ID_Venta) VALUES (1, 27, 26);
INSERT INTO Productos_Ventas (Cantidad, ID_Producto, ID_Venta) VALUES (2, 28, 27);
INSERT INTO Productos_Ventas (Cantidad, ID_Producto, ID_Venta) VALUES (1, 29, 28);
INSERT INTO Productos_Ventas (Cantidad, ID_Producto, ID_Venta) VALUES (2, 31, 29);
INSERT INTO Productos_Ventas (Cantidad, ID_Producto, ID_Venta) VALUES (1, 34, 30);
INSERT INTO Productos_Ventas (Cantidad, ID_Producto, ID_Venta) VALUES (2, 35, 31);
INSERT INTO Productos_Ventas (Cantidad, ID_Producto, ID_Venta) VALUES (1, 36, 32);
INSERT INTO Productos_Ventas (Cantidad, ID_Producto, ID_Venta) VALUES (2, 37, 33);

INSERT INTO Productos_Ventas (Cantidad, ID_Producto, ID_Venta) VALUES (1, 38, 34);
INSERT INTO Productos_Ventas (Cantidad, ID_Producto, ID_Venta) VALUES (2, 39, 35);
INSERT INTO Productos_Ventas (Cantidad, ID_Producto, ID_Venta) VALUES (1, 40, 36);
INSERT INTO Productos_Ventas (Cantidad, ID_Producto, ID_Venta) VALUES (2, 41, 37);
INSERT INTO Productos_Ventas (Cantidad, ID_Producto, ID_Venta) VALUES (1, 42, 38);
INSERT INTO Productos_Ventas (Cantidad, ID_Producto, ID_Venta) VALUES (2, 43, 39);
INSERT INTO Productos_Ventas (Cantidad, ID_Producto, ID_Venta) VALUES (1, 44, 40);
INSERT INTO Productos_Ventas (Cantidad, ID_Producto, ID_Venta) VALUES (2, 45, 41);
INSERT INTO Productos_Ventas (Cantidad, ID_Producto, ID_Venta) VALUES (1, 46, 42);
INSERT INTO Productos_Ventas (Cantidad, ID_Producto, ID_Venta) VALUES (2, 47, 43);

INSERT INTO Productos_Ventas (Cantidad, ID_Producto, ID_Venta) VALUES (1, 48, 44);
INSERT INTO Productos_Ventas (Cantidad, ID_Producto, ID_Venta) VALUES (2, 49, 45);
INSERT INTO Productos_Ventas (Cantidad, ID_Producto, ID_Venta) VALUES (1, 55, 46);
INSERT INTO Productos_Ventas (Cantidad, ID_Producto, ID_Venta) VALUES (2, 56, 47);
INSERT INTO Productos_Ventas (Cantidad, ID_Producto, ID_Venta) VALUES (1, 57, 48);
INSERT INTO Productos_Ventas (Cantidad, ID_Producto, ID_Venta) VALUES (2, 58, 49);
INSERT INTO Productos_Ventas (Cantidad, ID_Producto, ID_Venta) VALUES (1, 59, 50);
INSERT INTO Productos_Ventas (Cantidad, ID_Producto, ID_Venta) VALUES (2, 61, 51);
INSERT INTO Productos_Ventas (Cantidad, ID_Producto, ID_Venta) VALUES (1, 62, 52);
INSERT INTO Productos_Ventas (Cantidad, ID_Producto, ID_Venta) VALUES (2, 64, 53);
INSERT INTO Productos_Ventas (Cantidad, ID_Producto, ID_Venta) VALUES (2, 55, 41);
INSERT INTO Productos_Ventas (Cantidad, ID_Producto, ID_Venta) VALUES (1, 56, 42);
INSERT INTO Productos_Ventas (Cantidad, ID_Producto, ID_Venta) VALUES (2, 57, 43);
INSERT INTO Productos_Ventas (Cantidad, ID_Producto, ID_Venta) VALUES (1, 58, 44);
INSERT INTO Productos_Ventas (Cantidad, ID_Producto, ID_Venta) VALUES (2, 59, 45);

COMMIT;
SELECT * FROM PRODUCTOS_VENTAS;

SELECT * FROM Devolucion;

--DEVOLUCION
INSERT INTO Devolucion (Motivo, Cantidad_Devuelta, Fecha_Hora, Cedula, ID_Producto, ID_Venta, ID_Tipo_Devolucion)
VALUES ('No era compatible con el vehículo',1,TO_TIMESTAMP('2026-03-05 10:00:00','YYYY-MM-DD HH24:MI:SS'),'1-1000-2000',1,4,2);

INSERT INTO Devolucion (Motivo, Cantidad_Devuelta, Fecha_Hora, Cedula, ID_Producto, ID_Venta, ID_Tipo_Devolucion)
VALUES ('Producto defectuoso',1,TO_TIMESTAMP('2026-03-16 10:00:00','YYYY-MM-DD HH24:MI:SS'),'5-1011-2011',12,5,3);

INSERT INTO Devolucion (Motivo, Cantidad_Devuelta, Fecha_Hora, Cedula, ID_Producto, ID_Venta, ID_Tipo_Devolucion)
VALUES ('Cambio por garantía',1,TO_TIMESTAMP('2026-03-17 10:00:00','YYYY-MM-DD HH24:MI:SS'),'6-1012-2012',13,6,4);

INSERT INTO Devolucion (Motivo, Cantidad_Devuelta, Fecha_Hora, Cedula, ID_Producto, ID_Venta, ID_Tipo_Devolucion)
VALUES ('Error al comprar',1,TO_TIMESTAMP('2026-03-18 10:00:00','YYYY-MM-DD HH24:MI:SS'),'7-1013-2013',14,7,1);

INSERT INTO Devolucion (Motivo, Cantidad_Devuelta, Fecha_Hora, Cedula, ID_Producto, ID_Venta, ID_Tipo_Devolucion)
VALUES ('No cumplió expectativas',1,TO_TIMESTAMP('2026-03-19 10:00:00','YYYY-MM-DD HH24:MI:SS'),'1-1014-2014',15,8,2);

INSERT INTO Devolucion (Motivo, Cantidad_Devuelta, Fecha_Hora, Cedula, ID_Producto, ID_Venta, ID_Tipo_Devolucion)
VALUES ('No era compatible con el vehículo',1,TO_TIMESTAMP('2026-03-20 10:00:00','YYYY-MM-DD HH24:MI:SS'),'2-1015-2015',16,9,2);

INSERT INTO Devolucion (Motivo, Cantidad_Devuelta, Fecha_Hora, Cedula, ID_Producto, ID_Venta, ID_Tipo_Devolucion)
VALUES ('Producto defectuoso',1,TO_TIMESTAMP('2026-03-21 10:00:00','YYYY-MM-DD HH24:MI:SS'),'3-1016-2016',21,10,3);

INSERT INTO Devolucion (Motivo, Cantidad_Devuelta, Fecha_Hora, Cedula, ID_Producto, ID_Venta, ID_Tipo_Devolucion)
VALUES ('Cambio por garantía',1,TO_TIMESTAMP('2026-03-22 10:00:00','YYYY-MM-DD HH24:MI:SS'),'4-1017-2017',22,11,4);

INSERT INTO Devolucion (Motivo, Cantidad_Devuelta, Fecha_Hora, Cedula, ID_Producto, ID_Venta, ID_Tipo_Devolucion)
VALUES ('Error al comprar',1,TO_TIMESTAMP('2026-03-23 10:00:00','YYYY-MM-DD HH24:MI:SS'),'5-1018-2018',23,12,1);

INSERT INTO Devolucion (Motivo, Cantidad_Devuelta, Fecha_Hora, Cedula, ID_Producto, ID_Venta, ID_Tipo_Devolucion)
VALUES ('No cumplió expectativas',1,TO_TIMESTAMP('2026-03-24 10:00:00','YYYY-MM-DD HH24:MI:SS'),'6-1019-2019',24,13,2);

INSERT INTO Devolucion (Motivo, Cantidad_Devuelta, Fecha_Hora, Cedula, ID_Producto, ID_Venta, ID_Tipo_Devolucion)
VALUES ('No era compatible con el vehículo',1,TO_TIMESTAMP('2026-03-25 10:00:00','YYYY-MM-DD HH24:MI:SS'),'7-1020-2020',25,14,2);

INSERT INTO Devolucion (Motivo, Cantidad_Devuelta, Fecha_Hora, Cedula, ID_Producto, ID_Venta, ID_Tipo_Devolucion)
VALUES ('Producto defectuoso',1,TO_TIMESTAMP('2026-03-26 10:00:00','YYYY-MM-DD HH24:MI:SS'),'1-1021-2021',26,15,3);

INSERT INTO Devolucion (Motivo, Cantidad_Devuelta, Fecha_Hora, Cedula, ID_Producto, ID_Venta, ID_Tipo_Devolucion)
VALUES ('Cambio por garantía',1,TO_TIMESTAMP('2026-03-27 10:00:00','YYYY-MM-DD HH24:MI:SS'),'2-1022-2022',27,16,4);

INSERT INTO Devolucion (Motivo, Cantidad_Devuelta, Fecha_Hora, Cedula, ID_Producto, ID_Venta, ID_Tipo_Devolucion)
VALUES ('Error al comprar',1,TO_TIMESTAMP('2026-03-28 10:00:00','YYYY-MM-DD HH24:MI:SS'),'3-1023-2023',28,17,1);

INSERT INTO Devolucion (Motivo, Cantidad_Devuelta, Fecha_Hora, Cedula, ID_Producto, ID_Venta, ID_Tipo_Devolucion)
VALUES ('No cumplió expectativas',1,TO_TIMESTAMP('2026-03-29 10:00:00','YYYY-MM-DD HH24:MI:SS'),'4-1024-2024',29,18,2);

INSERT INTO Devolucion (Motivo, Cantidad_Devuelta, Fecha_Hora, Cedula, ID_Producto, ID_Venta, ID_Tipo_Devolucion)
VALUES ('No era compatible con el vehículo',1,TO_TIMESTAMP('2026-03-30 10:00:00','YYYY-MM-DD HH24:MI:SS'),'5-1025-2025',31,19,2);

INSERT INTO Devolucion (Motivo, Cantidad_Devuelta, Fecha_Hora, Cedula, ID_Producto, ID_Venta, ID_Tipo_Devolucion)
VALUES ('Producto defectuoso',1,TO_TIMESTAMP('2026-03-31 10:00:00','YYYY-MM-DD HH24:MI:SS'),'6-1026-2026',34,20,3);

INSERT INTO Devolucion (Motivo, Cantidad_Devuelta, Fecha_Hora, Cedula, ID_Producto, ID_Venta, ID_Tipo_Devolucion)
VALUES ('Cambio por garantía',1,TO_TIMESTAMP('2026-04-01 10:00:00','YYYY-MM-DD HH24:MI:SS'),'7-1027-2027',35,21,4);

INSERT INTO Devolucion (Motivo, Cantidad_Devuelta, Fecha_Hora, Cedula, ID_Producto, ID_Venta, ID_Tipo_Devolucion)
VALUES ('Error al comprar',1,TO_TIMESTAMP('2026-04-02 10:00:00','YYYY-MM-DD HH24:MI:SS'),'1-1028-2028',36,22,1);

INSERT INTO Devolucion (Motivo, Cantidad_Devuelta, Fecha_Hora, Cedula, ID_Producto, ID_Venta, ID_Tipo_Devolucion)
VALUES ('No cumplió expectativas',1,TO_TIMESTAMP('2026-04-03 10:00:00','YYYY-MM-DD HH24:MI:SS'),'2-1029-2029',37,23,2);

INSERT INTO Devolucion (Motivo, Cantidad_Devuelta, Fecha_Hora, Cedula, ID_Producto, ID_Venta, ID_Tipo_Devolucion)
VALUES ('No era compatible con el vehículo',1,TO_TIMESTAMP('2026-04-04 10:00:00','YYYY-MM-DD HH24:MI:SS'),'3-1030-2030',38,24,2);

INSERT INTO Devolucion (Motivo, Cantidad_Devuelta, Fecha_Hora, Cedula, ID_Producto, ID_Venta, ID_Tipo_Devolucion)
VALUES ('Producto defectuoso',1,TO_TIMESTAMP('2026-04-05 10:00:00','YYYY-MM-DD HH24:MI:SS'),'4-1031-2031',39,25,3);

INSERT INTO Devolucion (Motivo, Cantidad_Devuelta, Fecha_Hora, Cedula, ID_Producto, ID_Venta, ID_Tipo_Devolucion)
VALUES ('Cambio por garantía',1,TO_TIMESTAMP('2026-04-06 10:00:00','YYYY-MM-DD HH24:MI:SS'),'5-1032-2032',40,26,4);

INSERT INTO Devolucion (Motivo, Cantidad_Devuelta, Fecha_Hora, Cedula, ID_Producto, ID_Venta, ID_Tipo_Devolucion)
VALUES ('Error al comprar',1,TO_TIMESTAMP('2026-04-07 10:00:00','YYYY-MM-DD HH24:MI:SS'),'6-1033-2033',41,27,1);

INSERT INTO Devolucion (Motivo, Cantidad_Devuelta, Fecha_Hora, Cedula, ID_Producto, ID_Venta, ID_Tipo_Devolucion)
VALUES ('No cumplió expectativas',1,TO_TIMESTAMP('2026-04-08 10:00:00','YYYY-MM-DD HH24:MI:SS'),'7-1034-2034',42,28,2);

INSERT INTO Devolucion (Motivo, Cantidad_Devuelta, Fecha_Hora, Cedula, ID_Producto, ID_Venta, ID_Tipo_Devolucion)
VALUES ('No era compatible con el vehículo',1,TO_TIMESTAMP('2026-04-09 10:00:00','YYYY-MM-DD HH24:MI:SS'),'1-1035-2035',43,29,2);

INSERT INTO Devolucion (Motivo, Cantidad_Devuelta, Fecha_Hora, Cedula, ID_Producto, ID_Venta, ID_Tipo_Devolucion)
VALUES ('Producto defectuoso',1,TO_TIMESTAMP('2026-04-10 10:00:00','YYYY-MM-DD HH24:MI:SS'),'2-1036-2036',44,30,3);

INSERT INTO Devolucion (Motivo, Cantidad_Devuelta, Fecha_Hora, Cedula, ID_Producto, ID_Venta, ID_Tipo_Devolucion)
VALUES ('Cambio por garantía',1,TO_TIMESTAMP('2026-04-11 10:00:00','YYYY-MM-DD HH24:MI:SS'),'3-1037-2037',55,31,4);

INSERT INTO Devolucion (Motivo, Cantidad_Devuelta, Fecha_Hora, Cedula, ID_Producto, ID_Venta, ID_Tipo_Devolucion)
VALUES ('Error al comprar',1,TO_TIMESTAMP('2026-04-12 10:00:00','YYYY-MM-DD HH24:MI:SS'),'4-1038-2038',56,32,1);

INSERT INTO Devolucion (Motivo, Cantidad_Devuelta, Fecha_Hora, Cedula, ID_Producto, ID_Venta, ID_Tipo_Devolucion)
VALUES ('No cumplió expectativas',1,TO_TIMESTAMP('2026-04-13 10:00:00','YYYY-MM-DD HH24:MI:SS'),'5-1039-2039',57,33,2);

INSERT INTO Devolucion (Motivo, Cantidad_Devuelta, Fecha_Hora, Cedula, ID_Producto, ID_Venta, ID_Tipo_Devolucion)
VALUES ('No era compatible con el vehículo',1,TO_TIMESTAMP('2026-04-14 10:00:00','YYYY-MM-DD HH24:MI:SS'),'6-1040-2040',58,34,2);

INSERT INTO Devolucion (Motivo, Cantidad_Devuelta, Fecha_Hora, Cedula, ID_Producto, ID_Venta, ID_Tipo_Devolucion)
VALUES ('Producto defectuoso',1,TO_TIMESTAMP('2026-04-15 10:00:00','YYYY-MM-DD HH24:MI:SS'),'7-1041-2041',59,35,3);

INSERT INTO Devolucion (Motivo, Cantidad_Devuelta, Fecha_Hora, Cedula, ID_Producto, ID_Venta, ID_Tipo_Devolucion)
VALUES ('Cambio por garantía',1,TO_TIMESTAMP('2026-04-16 10:00:00','YYYY-MM-DD HH24:MI:SS'),'1-1042-2042',55,36,4);

INSERT INTO Devolucion (Motivo, Cantidad_Devuelta, Fecha_Hora, Cedula, ID_Producto, ID_Venta, ID_Tipo_Devolucion)
VALUES ('Error al comprar',1,TO_TIMESTAMP('2026-04-17 10:00:00','YYYY-MM-DD HH24:MI:SS'),'2-1043-2043',56,37,1);

INSERT INTO Devolucion (Motivo, Cantidad_Devuelta, Fecha_Hora, Cedula, ID_Producto, ID_Venta, ID_Tipo_Devolucion)
VALUES ('No cumplió expectativas',1,TO_TIMESTAMP('2026-04-18 10:00:00','YYYY-MM-DD HH24:MI:SS'),'3-1044-2044',57,38,2);

INSERT INTO Devolucion (Motivo, Cantidad_Devuelta, Fecha_Hora, Cedula, ID_Producto, ID_Venta, ID_Tipo_Devolucion)
VALUES ('No era compatible con el vehículo',1,TO_TIMESTAMP('2026-04-19 10:00:00','YYYY-MM-DD HH24:MI:SS'),'4-1045-2045',58,39,2);

INSERT INTO Devolucion (Motivo, Cantidad_Devuelta, Fecha_Hora, Cedula, ID_Producto, ID_Venta, ID_Tipo_Devolucion)
VALUES ('Producto defectuoso',1,TO_TIMESTAMP('2026-04-20 10:00:00','YYYY-MM-DD HH24:MI:SS'),'5-1046-2046',59,40,3);

INSERT INTO Devolucion (Motivo, Cantidad_Devuelta, Fecha_Hora, Cedula, ID_Producto, ID_Venta, ID_Tipo_Devolucion)
VALUES ('Cambio por garantía',1,TO_TIMESTAMP('2026-04-21 10:00:00','YYYY-MM-DD HH24:MI:SS'),'6-1047-2047',61,41,4);

INSERT INTO Devolucion (Motivo, Cantidad_Devuelta, Fecha_Hora, Cedula, ID_Producto, ID_Venta, ID_Tipo_Devolucion)
VALUES ('Error al comprar',1,TO_TIMESTAMP('2026-04-22 10:00:00','YYYY-MM-DD HH24:MI:SS'),'7-1048-2048',62,42,1);

INSERT INTO Devolucion (Motivo, Cantidad_Devuelta, Fecha_Hora, Cedula, ID_Producto, ID_Venta, ID_Tipo_Devolucion)
VALUES ('No cumplió expectativas',1,TO_TIMESTAMP('2026-04-23 10:00:00','YYYY-MM-DD HH24:MI:SS'),'1-1049-2049',64,43,2);

COMMIT;

SELECT * FROM ventas;

